{"type":"FeatureCollection","features":[{"type":"Feature","geometry":{"type":"Point","coordinates":[-14.66272,16.511932]},"properties":{"Nom_de_l_e":"Abdou Diaga","Arrondisse":"Gamadji Sarré","Commune":"Ndioum","Latitude":16.511932,"Longitude":-14.66272}},{"type":"Feature","geometry":{"type":"Point","coordinates":[-14.956024,16.647581]},"properties":{"Nom_de_l_e":"Abdou Rahmane Wone","Arrondisse":"Gamadji Sarre","Commune":"Podor","Latitude":16.647581,"Longitude":-14.956024}},{"type":"Feature","geometry":{"type":"Point","coordinates":[-14.989616,16.591833]},"properties":{"Nom_de_l_e":"Abdou Sall","Arrondisse":"Thile boubacar","Commune":"Ndiadane","Latitude":16.591833,"Longitude":-14.989616}},{"type":"Feature","geometry":{"type":"Point","coordinates":[-14.351387,16.425726]},"properties":{"Nom_de_l_e":"Abdoul Wahab Ngaide","Arrondisse":"Cas cas","Commune":"Bode lao","Latitude":16.425726,"Longitude":-14.351387}},{"type":"Feature","geometry":{"type":"Point","coordinates":[-15.09224,16.517489]},"properties":{"Nom_de_l_e":"Abdoulaye Allassane ball","Arrondisse":"Thila Boubacar","Commune":"Thila Boubacar","Latitude":16.517489,"Longitude":-15.09224}},{"type":"Feature","geometry":{"type":"Point","coordinates":[-14.430687,16.481346]},"properties":{"Nom_de_l_e":"Abdoulaye Amadou Ndiaye","Arrondisse":"Gamadji Sarré","Commune":"Dodel","Latitude":16.481346,"Longitude":-14.430687}},{"type":"Feature","geometry":{"type":"Point","coordinates":[-14.646116,16.51018]},"properties":{"Nom_de_l_e":"Abdoulaye de campos","Arrondisse":"Gamadji Sarré","Commune":"Ndioum","Latitude":16.51018,"Longitude":-14.646116}},{"type":"Feature","geometry":{"type":"Point","coordinates":[-14.956854,16.645816]},"properties":{"Nom_de_l_e":"Abdoulaye Diallo","Arrondisse":"Gamadji Sarre","Commune":"Podor","Latitude":16.645816,"Longitude":-14.956854}},{"type":"Feature","geometry":{"type":"Point","coordinates":[-14.141172,16.289723]},"properties":{"Nom_de_l_e":"Abdoulaye Fame","Arrondisse":"CAS CAS","Commune":"Madina niathbe","Latitude":16.289723,"Longitude":-14.141172}},{"type":"Feature","geometry":{"type":"Point","coordinates":[-15.113265,16.536884]},"properties":{"Nom_de_l_e":"Abdoulaye Ndiom","Arrondisse":"Thille Boubacar","Commune":"Fanaye","Latitude":16.536884,"Longitude":-15.113265}},{"type":"Feature","geometry":{"type":"Point","coordinates":[-14.434142,16.487907]},"properties":{"Nom_de_l_e":"Abdoulaye Sow","Arrondisse":"Gamadji Sarré","Commune":"Dodel","Latitude":16.487907,"Longitude":-14.434142}},{"type":"Feature","geometry":{"type":"Point","coordinates":[-13.94954,16.102009]},"properties":{"Nom_de_l_e":"Abdoulaye Sylla","Arrondisse":"Saldé","Commune":"Pété","Latitude":16.102009,"Longitude":-13.94954}},{"type":"Feature","geometry":{"type":"Point","coordinates":[-14.650768,16.511208]},"properties":{"Nom_de_l_e":"Abdoulaye vulgarisateur","Arrondisse":"Gamadji","Commune":"Ndioum","Latitude":16.511208,"Longitude":-14.650768}},{"type":"Feature","geometry":{"type":"Point","coordinates":[-14.271471,16.550479]},"properties":{"Nom_de_l_e":"Abdourahmane SENE","Arrondisse":"Gamadj SARÉ","Commune":"Demette","Latitude":16.550479,"Longitude":-14.271471}},{"type":"Feature","geometry":{"type":"Point","coordinates":[-13.854548,16.075267]},"properties":{"Nom_de_l_e":"Ablaye Sarr","Arrondisse":"Saldé","Commune":"Galoya","Latitude":16.075267,"Longitude":-13.854548}},{"type":"Feature","geometry":{"type":"Point","coordinates":[-13.996042,16.065715]},"properties":{"Nom_de_l_e":"Abou Moussa Diallo","Arrondisse":"Saldé","Commune":"Boké Dialloube","Latitude":16.065715,"Longitude":-13.996042}},{"type":"Feature","geometry":{"type":"Point","coordinates":[-14.104163,16.254865]},"properties":{"Nom_de_l_e":"Abou Tall","Arrondisse":"Cas cas","Commune":"Golleré","Latitude":16.254865,"Longitude":-14.104163}},{"type":"Feature","geometry":{"type":"Point","coordinates":[-14.434105,16.487855]},"properties":{"Nom_de_l_e":"Abou Tall","Arrondisse":"Gamadji Sare","Commune":"Dodel","Latitude":16.487855,"Longitude":-14.434105}},{"type":"Feature","geometry":{"type":"Point","coordinates":[-14.103742,16.254608]},"properties":{"Nom_de_l_e":"Aboubacry Koundoul","Arrondisse":"Cas cas","Commune":"Gollere","Latitude":16.254608,"Longitude":-14.103742}},{"type":"Feature","geometry":{"type":"Point","coordinates":[-14.956592,16.649984]},"properties":{"Nom_de_l_e":"Aboubacry ly","Arrondisse":"Gamadji Sarre","Commune":"Podor","Latitude":16.649984,"Longitude":-14.956592}},{"type":"Feature","geometry":{"type":"Point","coordinates":[-14.641713,16.50983]},"properties":{"Nom_de_l_e":"Aboubakry service","Arrondisse":"Gamadji Sarré","Commune":"Gamadji Sarré","Latitude":16.50983,"Longitude":-14.641713}},{"type":"Feature","geometry":{"type":"Point","coordinates":[-14.650397,16.511162]},"properties":{"Nom_de_l_e":"Absa Seck","Arrondisse":"Damadji","Commune":"Ndioum","Latitude":16.511162,"Longitude":-14.650397}},{"type":"Feature","geometry":{"type":"Point","coordinates":[-15.222402,16.526977]},"properties":{"Nom_de_l_e":"Absatou SoW","Arrondisse":"Thila Boubacar","Commune":"Fanaye","Latitude":16.526977,"Longitude":-15.222402}},{"type":"Feature","geometry":{"type":"Point","coordinates":[-14.644703,16.510229]},"properties":{"Nom_de_l_e":"ACEP","Arrondisse":"Gamadji Sarré","Commune":"Ndioum","Latitude":16.510229,"Longitude":-14.644703}},{"type":"Feature","geometry":{"type":"Point","coordinates":[-14.319147,16.390216]},"properties":{"Nom_de_l_e":"Adama Amadou Diallo","Arrondisse":"Cas cas","Commune":"Aere lao","Latitude":16.390216,"Longitude":-14.319147}},{"type":"Feature","geometry":{"type":"Point","coordinates":[-14.319149,16.390219]},"properties":{"Nom_de_l_e":"Adama Yoro Niane","Arrondisse":"Cas cas","Commune":"Aere lao","Latitude":16.390219,"Longitude":-14.319149}},{"type":"Feature","geometry":{"type":"Point","coordinates":[-14.653496,16.511579]},"properties":{"Nom_de_l_e":"Agei bio service","Arrondisse":"Gamadji","Commune":"Ndioum","Latitude":16.511579,"Longitude":-14.653496}},{"type":"Feature","geometry":{"type":"Point","coordinates":[-14.863399,16.523784]},"properties":{"Nom_de_l_e":"Aicha resto","Arrondisse":"Gamadji sare","Commune":"Guede villages","Latitude":16.523784,"Longitude":-14.863399}},{"type":"Feature","geometry":{"type":"Point","coordinates":[-14.960862,16.652172]},"properties":{"Nom_de_l_e":"Aida Diop","Arrondisse":"Podor","Commune":"Podor","Latitude":16.652172,"Longitude":-14.960862}},{"type":"Feature","geometry":{"type":"Point","coordinates":[-14.647062,16.509931]},"properties":{"Nom_de_l_e":"Aidara Resto","Arrondisse":"Gamadji","Commune":"Ndioum","Latitude":16.509931,"Longitude":-14.647062}},{"type":"Feature","geometry":{"type":"Point","coordinates":[-14.664569,16.501269]},"properties":{"Nom_de_l_e":"Aissata belel","Arrondisse":"Gamadji Saré","Commune":"Ndioum","Latitude":16.501269,"Longitude":-14.664569}},{"type":"Feature","geometry":{"type":"Point","coordinates":[-14.141344,16.288001]},"properties":{"Nom_de_l_e":"Aissata Hott","Arrondisse":"Cas Cas","Commune":"Madina Niathbe","Latitude":16.288001,"Longitude":-14.141344}},{"type":"Feature","geometry":{"type":"Point","coordinates":[-14.314632,16.387332]},"properties":{"Nom_de_l_e":"Aissata Ly","Arrondisse":"Cas cas","Commune":"Aere Lao","Latitude":16.387332,"Longitude":-14.314632}},{"type":"Feature","geometry":{"type":"Point","coordinates":[-13.984556,16.269803]},"properties":{"Nom_de_l_e":"Aissata ly","Arrondisse":"Cas Cas","Commune":"Mery Dioude","Latitude":16.269803,"Longitude":-13.984556}},{"type":"Feature","geometry":{"type":"Point","coordinates":[-15.09099,16.517542]},"properties":{"Nom_de_l_e":"Aissata Moctar ba","Arrondisse":"Thila Boubacar","Commune":"Thila boubacar","Latitude":16.517542,"Longitude":-15.09099}},{"type":"Feature","geometry":{"type":"Point","coordinates":[-14.804513,16.542826]},"properties":{"Nom_de_l_e":"Aissata SOW","Arrondisse":"Gamadji Saré","Commune":"Guédé Village","Latitude":16.542826,"Longitude":-14.804513}},{"type":"Feature","geometry":{"type":"Point","coordinates":[-14.9565207,16.6525683]},"properties":{"Nom_de_l_e":"Aïssata Tall","Arrondisse":"Podor","Commune":"Podor","Latitude":16.6525683,"Longitude":-14.9565207}},{"type":"Feature","geometry":{"type":"Point","coordinates":[-14.648807,16.501267]},"properties":{"Nom_de_l_e":"Aïssatou Diallo","Arrondisse":"Gamadji Saré","Commune":"Ndioum","Latitude":16.501267,"Longitude":-14.648807}},{"type":"Feature","geometry":{"type":"Point","coordinates":[-13.988602,16.272858]},"properties":{"Nom_de_l_e":"Al Housseynou Sy","Arrondisse":"Cas cas","Commune":"Mery Thioubalel","Latitude":16.272858,"Longitude":-13.988602}},{"type":"Feature","geometry":{"type":"Point","coordinates":[-14.804513,16.542826]},"properties":{"Nom_de_l_e":"Al Housseynou Wane","Arrondisse":"Gamadji Saré","Commune":"Guédé Village","Latitude":16.542826,"Longitude":-14.804513}},{"type":"Feature","geometry":{"type":"Point","coordinates":[-15.090762,16.517349]},"properties":{"Nom_de_l_e":"Al ousseynou diallo","Arrondisse":"Thille Boubacar","Commune":"Thille Boubacar","Latitude":16.517349,"Longitude":-15.090762}},{"type":"Feature","geometry":{"type":"Point","coordinates":[-14.695612,16.517428]},"properties":{"Nom_de_l_e":"Alassane Diagne","Arrondisse":"Gamadji Sarré","Commune":"Gamadji Sarré","Latitude":16.517428,"Longitude":-14.695612}},{"type":"Feature","geometry":{"type":"Point","coordinates":[-14.650348,16.511149]},"properties":{"Nom_de_l_e":"ALASSANE KEITA","Arrondisse":"Gamadji","Commune":"Ndioum","Latitude":16.511149,"Longitude":-14.650348}},{"type":"Feature","geometry":{"type":"Point","coordinates":[-14.959839,16.654168]},"properties":{"Nom_de_l_e":"Alassane Samba kane","Arrondisse":"Gamadji Sarre","Commune":"Podor","Latitude":16.654168,"Longitude":-14.959839}},{"type":"Feature","geometry":{"type":"Point","coordinates":[-14.959007,16.652451]},"properties":{"Nom_de_l_e":"Alassane soudeur métallique","Arrondisse":"","Commune":"","Latitude":16.652451,"Longitude":-14.959007}},{"type":"Feature","geometry":{"type":"Point","coordinates":[-15.11865,16.512693]},"properties":{"Nom_de_l_e":"Alia Djigo","Arrondisse":"Thille Boubacar","Commune":"Fanaye","Latitude":16.512693,"Longitude":-15.11865}},{"type":"Feature","geometry":{"type":"Point","coordinates":[-14.9586777,16.6487109]},"properties":{"Nom_de_l_e":"Alimentation Générale","Arrondisse":"Podor","Commune":"Podor","Latitude":16.6487109,"Longitude":-14.9586777}},{"type":"Feature","geometry":{"type":"Point","coordinates":[-14.9572222,16.6549448]},"properties":{"Nom_de_l_e":"Alimentation générale","Arrondisse":"Podor","Commune":"Podor","Latitude":16.6549448,"Longitude":-14.9572222}},{"type":"Feature","geometry":{"type":"Point","coordinates":[-14.8641155,16.5237513]},"properties":{"Nom_de_l_e":"Alimentation Générale","Arrondisse":"Gadji sarr","Commune":"Guédé village","Latitude":16.5237513,"Longitude":-14.8641155}},{"type":"Feature","geometry":{"type":"Point","coordinates":[-14.8658884,16.523021]},"properties":{"Nom_de_l_e":"Alimentation Générale","Arrondisse":"Gamadji Saré","Commune":"Guédé village","Latitude":16.523021,"Longitude":-14.8658884}},{"type":"Feature","geometry":{"type":"Point","coordinates":[-14.958415,16.654865]},"properties":{"Nom_de_l_e":"Alimentation ly& frère","Arrondisse":"Podor","Commune":"Podor","Latitude":16.654865,"Longitude":-14.958415}},{"type":"Feature","geometry":{"type":"Point","coordinates":[-14.138083,16.292607]},"properties":{"Nom_de_l_e":"Aliou Seck","Arrondisse":"Cas Cas","Commune":"Medina Niatbe","Latitude":16.292607,"Longitude":-14.138083}},{"type":"Feature","geometry":{"type":"Point","coordinates":[-14.018098,16.190551]},"properties":{"Nom_de_l_e":"Alioune Couture","Arrondisse":"Cas Cas","Commune":"Mboumba","Latitude":16.190551,"Longitude":-14.018098}},{"type":"Feature","geometry":{"type":"Point","coordinates":[-14.255972,16.516963]},"properties":{"Nom_de_l_e":"Alioune Wade","Arrondisse":"Gamadji Sarré","Commune":"Gamadji Sarré","Latitude":16.516963,"Longitude":-14.255972}},{"type":"Feature","geometry":{"type":"Point","coordinates":[-14.9586931,16.6487949]},"properties":{"Nom_de_l_e":"Alpha Sow","Arrondisse":"Podor","Commune":"Podor","Latitude":16.6487949,"Longitude":-14.9586931}},{"type":"Feature","geometry":{"type":"Point","coordinates":[-14.696036,16.517065]},"properties":{"Nom_de_l_e":"Altine Mouhamadou Diallo","Arrondisse":"Gamadji Sarré","Commune":"Gamadji Sarré","Latitude":16.517065,"Longitude":-14.696036}},{"type":"Feature","geometry":{"type":"Point","coordinates":[-14.957744,16.648942]},"properties":{"Nom_de_l_e":"Amadou Alassane sow","Arrondisse":"Gamadji Sarre","Commune":"Podor","Latitude":16.648942,"Longitude":-14.957744}},{"type":"Feature","geometry":{"type":"Point","coordinates":[-15.223083,16.527012]},"properties":{"Nom_de_l_e":"Amadou diallo business","Arrondisse":"","Commune":"","Latitude":16.527012,"Longitude":-15.223083}},{"type":"Feature","geometry":{"type":"Point","coordinates":[-14.661692,16.512756]},"properties":{"Nom_de_l_e":"Amadou Djigo","Arrondisse":"","Commune":"","Latitude":16.512756,"Longitude":-14.661692}},{"type":"Feature","geometry":{"type":"Point","coordinates":[-14.661692,16.512756]},"properties":{"Nom_de_l_e":"Amadou Gaye Diallo","Arrondisse":"Gamadji","Commune":"Ndioum","Latitude":16.512756,"Longitude":-14.661692}},{"type":"Feature","geometry":{"type":"Point","coordinates":[-14.661692,16.512756]},"properties":{"Nom_de_l_e":"Amadou Ndiaye","Arrondisse":"Gamadji","Commune":"Ndioum","Latitude":16.512756,"Longitude":-14.661692}},{"type":"Feature","geometry":{"type":"Point","coordinates":[-14.990357,16.591297]},"properties":{"Nom_de_l_e":"Amadou Niang","Arrondisse":"Thiele Boubacar","Commune":"Ndiadane Ndiadane","Latitude":16.591297,"Longitude":-14.990357}},{"type":"Feature","geometry":{"type":"Point","coordinates":[-14.989698,16.591774]},"properties":{"Nom_de_l_e":"amadou Niang","Arrondisse":"Thile Boubacar","Commune":"Ndiadane","Latitude":16.591774,"Longitude":-14.989698}},{"type":"Feature","geometry":{"type":"Point","coordinates":[-14.956593,16.649986]},"properties":{"Nom_de_l_e":"Amadou Sileymani Djigo","Arrondisse":"Gamadji Sarre","Commune":"Podor","Latitude":16.649986,"Longitude":-14.956593}},{"type":"Feature","geometry":{"type":"Point","coordinates":[-14.804513,16.542826]},"properties":{"Nom_de_l_e":"Amadou SOW","Arrondisse":"Gamadji Saré","Commune":"Guédé village","Latitude":16.542826,"Longitude":-14.804513}},{"type":"Feature","geometry":{"type":"Point","coordinates":[-14.990795,16.59098]},"properties":{"Nom_de_l_e":"Amadou tidiane sall","Arrondisse":"Thiele Boubacar","Commune":"Ndiadane","Latitude":16.59098,"Longitude":-14.990795}},{"type":"Feature","geometry":{"type":"Point","coordinates":[-15.11206,16.537001]},"properties":{"Nom_de_l_e":"Amar Ndiom","Arrondisse":"Thille Boubacar","Commune":"Fanaye","Latitude":16.537001,"Longitude":-15.11206}},{"type":"Feature","geometry":{"type":"Point","coordinates":[-14.959236,16.652364]},"properties":{"Nom_de_l_e":"AMETH BOULANGER","Arrondisse":"Podor","Commune":"Podor","Latitude":16.652364,"Longitude":-14.959236}},{"type":"Feature","geometry":{"type":"Point","coordinates":[-14.958246,16.651676]},"properties":{"Nom_de_l_e":"Ameth Sarr bijouterie","Arrondisse":"Podor","Commune":"Posor","Latitude":16.651676,"Longitude":-14.958246}},{"type":"Feature","geometry":{"type":"Point","coordinates":[-14.957797,16.652731]},"properties":{"Nom_de_l_e":"Ameth Thiam","Arrondisse":"Gamadji Sarre","Commune":"Podor","Latitude":16.652731,"Longitude":-14.957797}},{"type":"Feature","geometry":{"type":"Point","coordinates":[-14.956173,16.651793]},"properties":{"Nom_de_l_e":"Aminata Alhousseynou Mbodj","Arrondisse":"Gamadji Sarre","Commune":"Podor","Latitude":16.651793,"Longitude":-14.956173}},{"type":"Feature","geometry":{"type":"Point","coordinates":[-14.957887,16.656665]},"properties":{"Nom_de_l_e":"Aminata Ba","Arrondisse":"Gamadji Sarre","Commune":"Podor","Latitude":16.656665,"Longitude":-14.957887}},{"type":"Feature","geometry":{"type":"Point","coordinates":[-14.106014,16.255848]},"properties":{"Nom_de_l_e":"Aminata Bal","Arrondisse":"Cas cas","Commune":"Gollere","Latitude":16.255848,"Longitude":-14.106014}},{"type":"Feature","geometry":{"type":"Point","coordinates":[-15.223065,16.527014]},"properties":{"Nom_de_l_e":"Aminata Mbodj","Arrondisse":"Thille Boubacar","Commune":"Fanaye","Latitude":16.527014,"Longitude":-15.223065}},{"type":"Feature","geometry":{"type":"Point","coordinates":[-15.226417,16.526478]},"properties":{"Nom_de_l_e":"Aminata Sy Ba","Arrondisse":"Thille Boubabar","Commune":"Fanaye","Latitude":16.526478,"Longitude":-15.226417}},{"type":"Feature","geometry":{"type":"Point","coordinates":[-13.997194,16.06698]},"properties":{"Nom_de_l_e":"Amineta BA","Arrondisse":"Saldé","Commune":"Boké Diallobé","Latitude":16.06698,"Longitude":-13.997194}},{"type":"Feature","geometry":{"type":"Point","coordinates":[-14.647779,16.506789]},"properties":{"Nom_de_l_e":"Amineta SY","Arrondisse":"Gamadji","Commune":"Ndioum","Latitude":16.506789,"Longitude":-14.647779}},{"type":"Feature","geometry":{"type":"Point","coordinates":[-14.139969,16.295555]},"properties":{"Nom_de_l_e":"Amy Ba Thiam","Arrondisse":"Cas Cas","Commune":"Ndioum","Latitude":16.295555,"Longitude":-14.139969}},{"type":"Feature","geometry":{"type":"Point","coordinates":[-14.104863,16.255287]},"properties":{"Nom_de_l_e":"Anbou Gassama","Arrondisse":"Cas cas","Commune":"Golleré","Latitude":16.255287,"Longitude":-14.104863}},{"type":"Feature","geometry":{"type":"Point","coordinates":[-14.066346,16.386404]},"properties":{"Nom_de_l_e":"Anonyme","Arrondisse":"Cas Cas","Commune":"Cas cas","Latitude":16.386404,"Longitude":-14.066346}},{"type":"Feature","geometry":{"type":"Point","coordinates":[-14.016286,16.192021]},"properties":{"Nom_de_l_e":"Anonyme","Arrondisse":"Cas cas","Commune":"Mboumba","Latitude":16.192021,"Longitude":-14.016286}},{"type":"Feature","geometry":{"type":"Point","coordinates":[-14.645534,16.510539]},"properties":{"Nom_de_l_e":"Anonyme","Arrondisse":"Gamadji Sarré","Commune":"Gamadji Sarré","Latitude":16.510539,"Longitude":-14.645534}},{"type":"Feature","geometry":{"type":"Point","coordinates":[-13.7745667,16.05415]},"properties":{"Nom_de_l_e":"Anonyme","Arrondisse":"Podor","Commune":"Podor","Latitude":16.05415,"Longitude":-13.7745667}},{"type":"Feature","geometry":{"type":"Point","coordinates":[-14.96052,16.655042]},"properties":{"Nom_de_l_e":"Anonyme aluminium","Arrondisse":"Podor","Commune":"Podor","Latitude":16.655042,"Longitude":-14.96052}},{"type":"Feature","geometry":{"type":"Point","coordinates":[-14.3235525,16.393828]},"properties":{"Nom_de_l_e":"Anonyme aluminum","Arrondisse":"","Commune":"Aere lao","Latitude":16.393828,"Longitude":-14.3235525}},{"type":"Feature","geometry":{"type":"Point","coordinates":[-15.046495,16.500113]},"properties":{"Nom_de_l_e":"Anonyme couture","Arrondisse":"Gamadji sarré","Commune":"Ndiayéne pendao","Latitude":16.500113,"Longitude":-15.046495}},{"type":"Feature","geometry":{"type":"Point","coordinates":[-15.046607,16.499563]},"properties":{"Nom_de_l_e":"Anonyme couture","Arrondisse":"Gamadji sarré","Commune":"Ndiayén pendao","Latitude":16.499563,"Longitude":-15.046607}},{"type":"Feature","geometry":{"type":"Point","coordinates":[-15.04719,16.499385]},"properties":{"Nom_de_l_e":"Anonyme couture","Arrondisse":"Thillé boubacar","Commune":"Ndiayén pendao","Latitude":16.499385,"Longitude":-15.04719}},{"type":"Feature","geometry":{"type":"Point","coordinates":[-14.754888,16.54521]},"properties":{"Nom_de_l_e":"Anonyme mécanique","Arrondisse":"Gamadji sarré","Commune":"Gueddé santhié","Latitude":16.54521,"Longitude":-14.754888}},{"type":"Feature","geometry":{"type":"Point","coordinates":[-14.096095,16.2799567]},"properties":{"Nom_de_l_e":"Anonyme menuisier de boit","Arrondisse":"","Commune":"Gollere","Latitude":16.2799567,"Longitude":-14.096095}},{"type":"Feature","geometry":{"type":"Point","coordinates":[-14.646115,16.511748]},"properties":{"Nom_de_l_e":"Anonyme poulailler","Arrondisse":"Gamadji sarré","Commune":"Ndioum","Latitude":16.511748,"Longitude":-14.646115}},{"type":"Feature","geometry":{"type":"Point","coordinates":[-15.04744,16.499682]},"properties":{"Nom_de_l_e":"Anonyme salon de coiffure","Arrondisse":"Thillé boubacar","Commune":"Ndiayén pendao","Latitude":16.499682,"Longitude":-15.04744}},{"type":"Feature","geometry":{"type":"Point","coordinates":[-14.957686,16.646003]},"properties":{"Nom_de_l_e":"Anonyme soudeur métallique","Arrondisse":"Thillé boubacar","Commune":"Ndiandane","Latitude":16.646003,"Longitude":-14.957686}},{"type":"Feature","geometry":{"type":"Point","coordinates":[-14.754682,16.543863]},"properties":{"Nom_de_l_e":"Anonyme soudeur métallique","Arrondisse":"Gamadji sarré","Commune":"Gueddé santhié","Latitude":16.543863,"Longitude":-14.754682}},{"type":"Feature","geometry":{"type":"Point","coordinates":[-14.804538,16.544022]},"properties":{"Nom_de_l_e":"Anonyme soudeur métallique","Arrondisse":"Gamadji sarré","Commune":"Gueddé village","Latitude":16.544022,"Longitude":-14.804538}},{"type":"Feature","geometry":{"type":"Point","coordinates":[-14.758475,16.52515]},"properties":{"Nom_de_l_e":"Anonyme tailleur","Arrondisse":"Gamadji sarré","Commune":"Gueddé santhié","Latitude":16.52515,"Longitude":-14.758475}},{"type":"Feature","geometry":{"type":"Point","coordinates":[-15.091759,16.51737]},"properties":{"Nom_de_l_e":"Arouna sy","Arrondisse":"Thille Boubacar","Commune":"Thille Boubacar","Latitude":16.51737,"Longitude":-15.091759}},{"type":"Feature","geometry":{"type":"Point","coordinates":[-14.959184,16.648379]},"properties":{"Nom_de_l_e":"Assane Ndiaye","Arrondisse":"Gamadji Sarre","Commune":"Podor","Latitude":16.648379,"Longitude":-14.959184}},{"type":"Feature","geometry":{"type":"Point","coordinates":[-14.647523,16.510632]},"properties":{"Nom_de_l_e":"Association des exploitants agricoles privés de Ndioum Walo","Arrondisse":"Gamadji Sarré","Commune":"Gamadji Sarré","Latitude":16.510632,"Longitude":-14.647523}},{"type":"Feature","geometry":{"type":"Point","coordinates":[-14.957672,16.658329]},"properties":{"Nom_de_l_e":"Association naforé de thioffi","Arrondisse":"Podor","Commune":"Podor","Latitude":16.658329,"Longitude":-14.957672}},{"type":"Feature","geometry":{"type":"Point","coordinates":[-14.140828,16.295665]},"properties":{"Nom_de_l_e":"Association pour le developpement du lao","Arrondisse":"Cas Cas","Commune":"Madina Niathbe","Latitude":16.295665,"Longitude":-14.140828}},{"type":"Feature","geometry":{"type":"Point","coordinates":[-14.643784,16.51247]},"properties":{"Nom_de_l_e":"assurance auto mobile","Arrondisse":"Gamadji","Commune":"Ndioum","Latitude":16.51247,"Longitude":-14.643784}},{"type":"Feature","geometry":{"type":"Point","coordinates":[-13.8515393,16.0747923]},"properties":{"Nom_de_l_e":"Atelier Balla Thiam","Arrondisse":"Podor","Commune":"Galoya","Latitude":16.0747923,"Longitude":-13.8515393}},{"type":"Feature","geometry":{"type":"Point","coordinates":[-13.9468389,16.1003185]},"properties":{"Nom_de_l_e":"Atelier Ibrahima Ndiaye","Arrondisse":"","Commune":"","Latitude":16.1003185,"Longitude":-13.9468389}},{"type":"Feature","geometry":{"type":"Point","coordinates":[-14.647753,16.510707]},"properties":{"Nom_de_l_e":"Atelier mécanique","Arrondisse":"Hamadji","Commune":"Ndioum","Latitude":16.510707,"Longitude":-14.647753}},{"type":"Feature","geometry":{"type":"Point","coordinates":[-14.103731,16.254614]},"properties":{"Nom_de_l_e":"Atelier Pape Thiam","Arrondisse":"Cas cas","Commune":"Gollerer","Latitude":16.254614,"Longitude":-14.103731}},{"type":"Feature","geometry":{"type":"Point","coordinates":[-14.654446,16.51215]},"properties":{"Nom_de_l_e":"Atelier Pilote","Arrondisse":"Gamadji","Commune":"Ndioum","Latitude":16.51215,"Longitude":-14.654446}},{"type":"Feature","geometry":{"type":"Point","coordinates":[-13.881965,16.161091]},"properties":{"Nom_de_l_e":"Atelier Soudeur diallo et frère","Arrondisse":"Salde","Commune":"Book Dialloubé","Latitude":16.161091,"Longitude":-13.881965}},{"type":"Feature","geometry":{"type":"Point","coordinates":[-14.283982,16.567843]},"properties":{"Nom_de_l_e":"Ba et frère","Arrondisse":"Gamadji Sarré","Commune":"Demeth","Latitude":16.567843,"Longitude":-14.283982}},{"type":"Feature","geometry":{"type":"Point","coordinates":[-15.221444,16.527036]},"properties":{"Nom_de_l_e":"Baal et frere","Arrondisse":"","Commune":"","Latitude":16.527036,"Longitude":-15.221444}},{"type":"Feature","geometry":{"type":"Point","coordinates":[-14.959653,16.65272]},"properties":{"Nom_de_l_e":"Baba ndiongue aluminium","Arrondisse":"Podor","Commune":"Podor","Latitude":16.65272,"Longitude":-14.959653}},{"type":"Feature","geometry":{"type":"Point","coordinates":[-14.957625,16.654898]},"properties":{"Nom_de_l_e":"Babacar khalifa thioye","Arrondisse":"Gamadji Sarre","Commune":"Podor","Latitude":16.654898,"Longitude":-14.957625}},{"type":"Feature","geometry":{"type":"Point","coordinates":[-14.654021,16.511312]},"properties":{"Nom_de_l_e":"Badara Diaw","Arrondisse":"Gamadji","Commune":"Ndioum","Latitude":16.511312,"Longitude":-14.654021}},{"type":"Feature","geometry":{"type":"Point","coordinates":[-14.958023,16.652953]},"properties":{"Nom_de_l_e":"Bamba Creation","Arrondisse":"Podor","Commune":"Podor","Latitude":16.652953,"Longitude":-14.958023}},{"type":"Feature","geometry":{"type":"Point","coordinates":[-14.9568722,16.6521456]},"properties":{"Nom_de_l_e":"Bamtaare","Arrondisse":"Podor","Commune":"Podor","Latitude":16.6521456,"Longitude":-14.9568722}},{"type":"Feature","geometry":{"type":"Point","coordinates":[-14.642093,16.509877]},"properties":{"Nom_de_l_e":"Banque agricole","Arrondisse":"Gamadji Sarré","Commune":"Ndioum","Latitude":16.509877,"Longitude":-14.642093}},{"type":"Feature","geometry":{"type":"Point","coordinates":[-14.64464,16.51025]},"properties":{"Nom_de_l_e":"Baobab","Arrondisse":"Gamadji Sarré","Commune":"Ndioum","Latitude":16.51025,"Longitude":-14.64464}},{"type":"Feature","geometry":{"type":"Point","coordinates":[-14.86268,16.523803]},"properties":{"Nom_de_l_e":"Barrou maraichage","Arrondisse":"Gamadji sare","Commune":"Guede villages","Latitude":16.523803,"Longitude":-14.86268}},{"type":"Feature","geometry":{"type":"Point","coordinates":[-14.648233,16.510879]},"properties":{"Nom_de_l_e":"Bayapard Mounique","Arrondisse":"Gamadji Sarré","Commune":"Ndioum","Latitude":16.510879,"Longitude":-14.648233}},{"type":"Feature","geometry":{"type":"Point","coordinates":[-14.956507,16.652372]},"properties":{"Nom_de_l_e":"Baye Ali coiffure","Arrondisse":"Podor","Commune":"Podor","Latitude":16.652372,"Longitude":-14.956507}},{"type":"Feature","geometry":{"type":"Point","coordinates":[-14.653797,16.511137]},"properties":{"Nom_de_l_e":"Bel Service Agro Bussiness","Arrondisse":"Gamadji","Commune":"Ndioum","Latitude":16.511137,"Longitude":-14.653797}},{"type":"Feature","geometry":{"type":"Point","coordinates":[-14.647593,16.510802]},"properties":{"Nom_de_l_e":"Benoit Abdou Faue","Arrondisse":"Damadji","Commune":"Ndioum","Latitude":16.510802,"Longitude":-14.647593}},{"type":"Feature","geometry":{"type":"Point","coordinates":[-14.9593973,16.6486951]},"properties":{"Nom_de_l_e":"Bijouterie","Arrondisse":"Podor","Commune":"Podor","Latitude":16.6486951,"Longitude":-14.9593973}},{"type":"Feature","geometry":{"type":"Point","coordinates":[-14.104093,16.254814]},"properties":{"Nom_de_l_e":"Bineta Dieyna","Arrondisse":"Cas-Cas","Commune":"Golloré","Latitude":16.254814,"Longitude":-14.104093}},{"type":"Feature","geometry":{"type":"Point","coordinates":[-14.960303,16.655711]},"properties":{"Nom_de_l_e":"Boba Ndiaye maçon","Arrondisse":"","Commune":"","Latitude":16.655711,"Longitude":-14.960303}},{"type":"Feature","geometry":{"type":"Point","coordinates":[-15.167901,16.524864]},"properties":{"Nom_de_l_e":"Bocar commerce","Arrondisse":"","Commune":"Thiangay","Latitude":16.524864,"Longitude":-15.167901}},{"type":"Feature","geometry":{"type":"Point","coordinates":[-14.17258,16.290771]},"properties":{"Nom_de_l_e":"Bocar Guisse","Arrondisse":"Cas cas","Commune":"Doumga Lao","Latitude":16.290771,"Longitude":-14.17258}},{"type":"Feature","geometry":{"type":"Point","coordinates":[-14.230724,16.337812]},"properties":{"Nom_de_l_e":"Bocar Guisse","Arrondisse":"Cas cas","Commune":"Doumnga Lao","Latitude":16.337812,"Longitude":-14.230724}},{"type":"Feature","geometry":{"type":"Point","coordinates":[-14.43097,16.48145]},"properties":{"Nom_de_l_e":"Bocar Mamadou Ndaw","Arrondisse":"Gamadji Sarré","Commune":"Dodél","Latitude":16.48145,"Longitude":-14.43097}},{"type":"Feature","geometry":{"type":"Point","coordinates":[-14.658092,16.512029]},"properties":{"Nom_de_l_e":"Bocar Ndiaye","Arrondisse":"Gamadji Sarré","Commune":"Ndioum","Latitude":16.512029,"Longitude":-14.658092}},{"type":"Feature","geometry":{"type":"Point","coordinates":[-13.881965,16.161091]},"properties":{"Nom_de_l_e":"Bocar poisson","Arrondisse":"Salde","Commune":"Book Dialloube","Latitude":16.161091,"Longitude":-13.881965}},{"type":"Feature","geometry":{"type":"Point","coordinates":[-14.016764,16.18843]},"properties":{"Nom_de_l_e":"Boccoum Yero","Arrondisse":"Cas-Cas","Commune":"Mboumba","Latitude":16.18843,"Longitude":-14.016764}},{"type":"Feature","geometry":{"type":"Point","coordinates":[-14.956573,16.654248]},"properties":{"Nom_de_l_e":"Boubacar Mamadou Anne","Arrondisse":"Gamadji Sarre","Commune":"Podor","Latitude":16.654248,"Longitude":-14.956573}},{"type":"Feature","geometry":{"type":"Point","coordinates":[-14.0075033,16.201135]},"properties":{"Nom_de_l_e":"Boubou tailleur","Arrondisse":"Cas cas","Commune":"Mboumba","Latitude":16.201135,"Longitude":-14.0075033}},{"type":"Feature","geometry":{"type":"Point","coordinates":[-14.9846011,16.5884246]},"properties":{"Nom_de_l_e":"Boulangerie Anonyme","Arrondisse":"","Commune":"","Latitude":16.5884246,"Longitude":-14.9846011}},{"type":"Feature","geometry":{"type":"Point","coordinates":[-14.8629672,16.523691]},"properties":{"Nom_de_l_e":"Boutique Abou","Arrondisse":"Gamadji Saré","Commune":"Guédé village","Latitude":16.523691,"Longitude":-14.8629672}},{"type":"Feature","geometry":{"type":"Point","coordinates":[-14.95844,16.6555767]},"properties":{"Nom_de_l_e":"Boutique brack","Arrondisse":"Podor","Commune":"Podor","Latitude":16.6555767,"Longitude":-14.95844}},{"type":"Feature","geometry":{"type":"Point","coordinates":[-14.9596495,16.6500709]},"properties":{"Nom_de_l_e":"Boutique Oulèye Camara","Arrondisse":"Podor","Commune":"Podor","Latitude":16.6500709,"Longitude":-14.9596495}},{"type":"Feature","geometry":{"type":"Point","coordinates":[-14.9586483,16.6488067]},"properties":{"Nom_de_l_e":"Boutique Serigne Babacar","Arrondisse":"Podor","Commune":"Podor","Latitude":16.6488067,"Longitude":-14.9586483}},{"type":"Feature","geometry":{"type":"Point","coordinates":[-15.223083,16.527012]},"properties":{"Nom_de_l_e":"Boutique seydou","Arrondisse":"","Commune":"","Latitude":16.527012,"Longitude":-15.223083}},{"type":"Feature","geometry":{"type":"Point","coordinates":[-14.135484,16.296591]},"properties":{"Nom_de_l_e":"Boutique Spia","Arrondisse":"Cas cas","Commune":"Medina Ndiapbé","Latitude":16.296591,"Longitude":-14.135484}},{"type":"Feature","geometry":{"type":"Point","coordinates":[-14.066346,16.386404]},"properties":{"Nom_de_l_e":"Cabinet de soin vétérinaire","Arrondisse":"Cas cas","Commune":"Cas cas","Latitude":16.386404,"Longitude":-14.066346}},{"type":"Feature","geometry":{"type":"Point","coordinates":[-14.644364,16.510228]},"properties":{"Nom_de_l_e":"CBAO ndioum","Arrondisse":"Gamadji Sarré","Commune":"Ndioum","Latitude":16.510228,"Longitude":-14.644364}},{"type":"Feature","geometry":{"type":"Point","coordinates":[-13.998195,16.067055]},"properties":{"Nom_de_l_e":"Centre d'éveil communautaire Bokké Mbaye de Salsalbé IEF Pété","Arrondisse":"Saldé","Commune":"Boke Dialloubé","Latitude":16.067055,"Longitude":-13.998195}},{"type":"Feature","geometry":{"type":"Point","coordinates":[-14.956048,16.6502]},"properties":{"Nom_de_l_e":"Cheikh ahmadou tidiane diallo","Arrondisse":"Gamadji sarre","Commune":"Podor","Latitude":16.6502,"Longitude":-14.956048}},{"type":"Feature","geometry":{"type":"Point","coordinates":[-14.017324,16.189688]},"properties":{"Nom_de_l_e":"Cheikh Al Islam","Arrondisse":"Cas cas","Commune":"Mboumba","Latitude":16.189688,"Longitude":-14.017324}},{"type":"Feature","geometry":{"type":"Point","coordinates":[-14.991069,16.590782]},"properties":{"Nom_de_l_e":"Cheikh Amadou Tidiane Kane","Arrondisse":"Thiele Boubacar","Commune":"Ndiadane","Latitude":16.590782,"Longitude":-14.991069}},{"type":"Feature","geometry":{"type":"Point","coordinates":[-14.635261,16.516086]},"properties":{"Nom_de_l_e":"cheikh Oumou Thierno Bassirou","Arrondisse":"Gamadji Sarre","Commune":"Ndioum","Latitude":16.516086,"Longitude":-14.635261}},{"type":"Feature","geometry":{"type":"Point","coordinates":[-14.643428,16.509908]},"properties":{"Nom_de_l_e":"Cheikhou Oumar Sy","Arrondisse":"Gamadji Sarré","Commune":"Gamadji","Latitude":16.509908,"Longitude":-14.643428}},{"type":"Feature","geometry":{"type":"Point","coordinates":[-14.203771,16.504147]},"properties":{"Nom_de_l_e":"Chiama diop Walalde soudeur métallique","Arrondisse":"Cas cas","Commune":"Walalde","Latitude":16.504147,"Longitude":-14.203771}},{"type":"Feature","geometry":{"type":"Point","coordinates":[-14.957532,16.652166]},"properties":{"Nom_de_l_e":"CMS","Arrondisse":"Podor","Commune":"Podor","Latitude":16.652166,"Longitude":-14.957532}},{"type":"Feature","geometry":{"type":"Point","coordinates":[-13.949557,16.102064]},"properties":{"Nom_de_l_e":"Commerce général","Arrondisse":"Saldé","Commune":"Pété","Latitude":16.102064,"Longitude":-13.949557}},{"type":"Feature","geometry":{"type":"Point","coordinates":[-13.94946,16.101715]},"properties":{"Nom_de_l_e":"Commerce général","Arrondisse":"Saldé","Commune":"Pété","Latitude":16.101715,"Longitude":-13.94946}},{"type":"Feature","geometry":{"type":"Point","coordinates":[-14.660786,16.510961]},"properties":{"Nom_de_l_e":"COSMÉTIQUE sow","Arrondisse":"Gamadji sare","Commune":"Guede village","Latitude":16.510961,"Longitude":-14.660786}},{"type":"Feature","geometry":{"type":"Point","coordinates":[-15.09186,16.517553]},"properties":{"Nom_de_l_e":"Coumba thiam","Arrondisse":"Thille Boubacar","Commune":"Fanaye","Latitude":16.517553,"Longitude":-15.09186}},{"type":"Feature","geometry":{"type":"Point","coordinates":[-14.322165,16.392381]},"properties":{"Nom_de_l_e":"Credit mutuel du Senegal","Arrondisse":"Cas cas","Commune":"Aero lao","Latitude":16.392381,"Longitude":-14.322165}},{"type":"Feature","geometry":{"type":"Point","coordinates":[-14.017893,16.188696]},"properties":{"Nom_de_l_e":"Dabakh","Arrondisse":"Cas Cas","Commune":"Mboumba","Latitude":16.188696,"Longitude":-14.017893}},{"type":"Feature","geometry":{"type":"Point","coordinates":[-15.222924,16.527014]},"properties":{"Nom_de_l_e":"Daouda GAYE","Arrondisse":"Thila Boubacar","Commune":"Fanaye","Latitude":16.527014,"Longitude":-15.222924}},{"type":"Feature","geometry":{"type":"Point","coordinates":[-14.959804,16.653054]},"properties":{"Nom_de_l_e":"DaourDeme","Arrondisse":"Gamadji Sarre","Commune":"Podor","Latitude":16.653054,"Longitude":-14.959804}},{"type":"Feature","geometry":{"type":"Point","coordinates":[-14.959022,16.652464]},"properties":{"Nom_de_l_e":"Daraye mécaniqu","Arrondisse":"Podor","Commune":"Podor","Latitude":16.652464,"Longitude":-14.959022}},{"type":"Feature","geometry":{"type":"Point","coordinates":[-14.862792,16.523371]},"properties":{"Nom_de_l_e":"Deh &frère","Arrondisse":"Gamadji sare","Commune":"Guede villages","Latitude":16.523371,"Longitude":-14.862792}},{"type":"Feature","geometry":{"type":"Point","coordinates":[-14.766497,16.54288]},"properties":{"Nom_de_l_e":"Deh éleveur","Arrondisse":"Gamadji sare","Commune":"Guede villages","Latitude":16.54288,"Longitude":-14.766497}},{"type":"Feature","geometry":{"type":"Point","coordinates":[-14.645357,16.510472]},"properties":{"Nom_de_l_e":"Démane Demba","Arrondisse":"Gamadji","Commune":"Ndioum","Latitude":16.510472,"Longitude":-14.645357}},{"type":"Feature","geometry":{"type":"Point","coordinates":[-14.9568857,16.657979]},"properties":{"Nom_de_l_e":"Deme& frère","Arrondisse":"Podor","Commune":"Podor","Latitude":16.657979,"Longitude":-14.9568857}},{"type":"Feature","geometry":{"type":"Point","coordinates":[-14.9588667,16.6579738]},"properties":{"Nom_de_l_e":"Dia& cosmétique","Arrondisse":"Podor","Commune":"Podor","Latitude":16.6579738,"Longitude":-14.9588667}},{"type":"Feature","geometry":{"type":"Point","coordinates":[-15.045092,16.500492]},"properties":{"Nom_de_l_e":"Diack agri","Arrondisse":"","Commune":"","Latitude":16.500492,"Longitude":-15.045092}},{"type":"Feature","geometry":{"type":"Point","coordinates":[-14.235608,16.514483]},"properties":{"Nom_de_l_e":"Diallo commerçante","Arrondisse":"Gamadji Sarré","Commune":"Demeth","Latitude":16.514483,"Longitude":-14.235608}},{"type":"Feature","geometry":{"type":"Point","coordinates":[-14.863871,16.523718]},"properties":{"Nom_de_l_e":"DIALLO cosmétique","Arrondisse":"Gamadji sare","Commune":"Guede villages","Latitude":16.523718,"Longitude":-14.863871}},{"type":"Feature","geometry":{"type":"Point","coordinates":[-14.319142,16.390223]},"properties":{"Nom_de_l_e":"Diankha frere","Arrondisse":"Cas cas","Commune":"Aero lao","Latitude":16.390223,"Longitude":-14.319142}},{"type":"Feature","geometry":{"type":"Point","coordinates":[-13.8507383,16.0740925]},"properties":{"Nom_de_l_e":"Diarra Thierno Abdou Aziz Dental","Arrondisse":"Podor","Commune":"Galoya","Latitude":16.0740925,"Longitude":-13.8507383}},{"type":"Feature","geometry":{"type":"Point","coordinates":[-14.642084,16.509829]},"properties":{"Nom_de_l_e":"Diary Mbacké","Arrondisse":"Gamadji Sarré","Commune":"Ndioum","Latitude":16.509829,"Longitude":-14.642084}},{"type":"Feature","geometry":{"type":"Point","coordinates":[-14.8637967,16.52368]},"properties":{"Nom_de_l_e":"Dibiterie Dande leñol","Arrondisse":"Gamadji Saré","Commune":"Guédé village","Latitude":16.52368,"Longitude":-14.8637967}},{"type":"Feature","geometry":{"type":"Point","coordinates":[-15.112344,16.536459]},"properties":{"Nom_de_l_e":"Dielia Watt","Arrondisse":"Thille Boubacar","Commune":"Fanaye","Latitude":16.536459,"Longitude":-15.112344}},{"type":"Feature","geometry":{"type":"Point","coordinates":[-14.063138,16.213819]},"properties":{"Nom_de_l_e":"Dieynaba Diallo","Arrondisse":"Cas-Cas","Commune":"Mery","Latitude":16.213819,"Longitude":-14.063138}},{"type":"Feature","geometry":{"type":"Point","coordinates":[-14.66272,16.511932]},"properties":{"Nom_de_l_e":"Dieynaba Moussa Ndongo","Arrondisse":"Gamadji Sarré","Commune":"Ndioum","Latitude":16.511932,"Longitude":-14.66272}},{"type":"Feature","geometry":{"type":"Point","coordinates":[-15.04548,16.502162]},"properties":{"Nom_de_l_e":"Diokkéré Endam Ndiayéne Sarré","Arrondisse":"Thillé Boubacar","Commune":"Ndiayéne Pendao","Latitude":16.502162,"Longitude":-15.04548}},{"type":"Feature","geometry":{"type":"Point","coordinates":[-14.9565317,16.6521712]},"properties":{"Nom_de_l_e":"Diop et Frères","Arrondisse":"Podor","Commune":"Podor","Latitude":16.6521712,"Longitude":-14.9565317}},{"type":"Feature","geometry":{"type":"Point","coordinates":[-14.653474,16.511584]},"properties":{"Nom_de_l_e":"Diop Soudeur métallique","Arrondisse":"Gamadji","Commune":"Ndioum","Latitude":16.511584,"Longitude":-14.653474}},{"type":"Feature","geometry":{"type":"Point","coordinates":[-13.855722,16.07543]},"properties":{"Nom_de_l_e":"Diouck et frere","Arrondisse":"Saldé","Commune":"Galoya","Latitude":16.07543,"Longitude":-13.855722}},{"type":"Feature","geometry":{"type":"Point","coordinates":[-14.9894,16.588514]},"properties":{"Nom_de_l_e":"Djarafice","Arrondisse":"Thillé boubacar","Commune":"Ndiandane","Latitude":16.588514,"Longitude":-14.9894}},{"type":"Feature","geometry":{"type":"Point","coordinates":[-14.103741,16.254608]},"properties":{"Nom_de_l_e":"Djibril Bousso","Arrondisse":"Cas cas","Commune":"Gollere","Latitude":16.254608,"Longitude":-14.103741}},{"type":"Feature","geometry":{"type":"Point","coordinates":[-15.223071,16.527013]},"properties":{"Nom_de_l_e":"Djibril Mare","Arrondisse":"Thille Boubacar","Commune":"Fanaye","Latitude":16.527013,"Longitude":-15.223071}},{"type":"Feature","geometry":{"type":"Point","coordinates":[-14.804513,16.542826]},"properties":{"Nom_de_l_e":"Djibril Sall","Arrondisse":"Gamadji Daré","Commune":"Gamadji Daré","Latitude":16.542826,"Longitude":-14.804513}},{"type":"Feature","geometry":{"type":"Point","coordinates":[-13.854483,16.075235]},"properties":{"Nom_de_l_e":"Djibril SENE","Arrondisse":"Saldé","Commune":"Galoya","Latitude":16.075235,"Longitude":-13.854483}},{"type":"Feature","geometry":{"type":"Point","coordinates":[-14.016626,16.188385]},"properties":{"Nom_de_l_e":"Djibrirou Niang","Arrondisse":"Cas-Cas","Commune":"Mboumba","Latitude":16.188385,"Longitude":-14.016626}},{"type":"Feature","geometry":{"type":"Point","coordinates":[-14.203771,16.504147]},"properties":{"Nom_de_l_e":"Djiby couture","Arrondisse":"","Commune":"Walalbe","Latitude":16.504147,"Longitude":-14.203771}},{"type":"Feature","geometry":{"type":"Point","coordinates":[-14.647707,16.516947]},"properties":{"Nom_de_l_e":"Doumbouya Soudeur","Arrondisse":"Gamadji","Commune":"Ndioum","Latitude":16.516947,"Longitude":-14.647707}},{"type":"Feature","geometry":{"type":"Point","coordinates":[-14.9554576,16.6457559]},"properties":{"Nom_de_l_e":"Edk","Arrondisse":"Podor","Commune":"Podor","Latitude":16.6457559,"Longitude":-14.9554576}},{"type":"Feature","geometry":{"type":"Point","coordinates":[-14.661692,16.512756]},"properties":{"Nom_de_l_e":"El Hadj Amadou Toure","Arrondisse":"Gamadji","Commune":"Ndioum","Latitude":16.512756,"Longitude":-14.661692}},{"type":"Feature","geometry":{"type":"Point","coordinates":[-14.988863,16.58758]},"properties":{"Nom_de_l_e":"El hadji Malick Sall","Arrondisse":"Thillé Boubacar","Commune":"Ndiandane","Latitude":16.58758,"Longitude":-14.988863}},{"type":"Feature","geometry":{"type":"Point","coordinates":[-14.638544,16.509155]},"properties":{"Nom_de_l_e":"Elton","Arrondisse":"Gamadji Sarré","Commune":"Ndioum","Latitude":16.509155,"Longitude":-14.638544}},{"type":"Feature","geometry":{"type":"Point","coordinates":[-14.957668,16.651481]},"properties":{"Nom_de_l_e":"Ema couture","Arrondisse":"Podor","Commune":"Podor","Latitude":16.651481,"Longitude":-14.957668}},{"type":"Feature","geometry":{"type":"Point","coordinates":[-13.949469,16.101653]},"properties":{"Nom_de_l_e":"Entreprise individuelle","Arrondisse":"Saldé","Commune":"Pété","Latitude":16.101653,"Longitude":-13.949469}},{"type":"Feature","geometry":{"type":"Point","coordinates":[-14.425571,16.487352]},"properties":{"Nom_de_l_e":"Entreprise individuelle","Arrondisse":"Gamadji saré","Commune":"Dodél","Latitude":16.487352,"Longitude":-14.425571}},{"type":"Feature","geometry":{"type":"Point","coordinates":[-13.855786,16.075534]},"properties":{"Nom_de_l_e":"Entreprise serigne Fallou Mbacké","Arrondisse":"Saldé","Commune":"Galoya","Latitude":16.075534,"Longitude":-13.855786}},{"type":"Feature","geometry":{"type":"Point","coordinates":[-13.855757,16.075559]},"properties":{"Nom_de_l_e":"Épicerie Gaye Firdawsy","Arrondisse":"Saldé","Commune":"Galoya","Latitude":16.075559,"Longitude":-13.855757}},{"type":"Feature","geometry":{"type":"Point","coordinates":[-14.9584733,16.6584367]},"properties":{"Nom_de_l_e":"Est&sy","Arrondisse":"Podor","Commune":"Podor","Latitude":16.6584367,"Longitude":-14.9584733}},{"type":"Feature","geometry":{"type":"Point","coordinates":[-14.9598282,16.6586492]},"properties":{"Nom_de_l_e":"Estdia","Arrondisse":"Podor","Commune":"Podor","Latitude":16.6586492,"Longitude":-14.9598282}},{"type":"Feature","geometry":{"type":"Point","coordinates":[-14.647142,16.511496]},"properties":{"Nom_de_l_e":"Établissement Doucouré et Frere","Arrondisse":"Gamadji","Commune":"Ndioum","Latitude":16.511496,"Longitude":-14.647142}},{"type":"Feature","geometry":{"type":"Point","coordinates":[-15.2219117,16.5267067]},"properties":{"Nom_de_l_e":"Ets El Hadji Malick marr","Arrondisse":"Thile Boubacar","Commune":"Fanaye","Latitude":16.5267067,"Longitude":-15.2219117}},{"type":"Feature","geometry":{"type":"Point","coordinates":[-15.223068,16.52702]},"properties":{"Nom_de_l_e":"Fadoum et frere","Arrondisse":"","Commune":"","Latitude":16.52702,"Longitude":-15.223068}},{"type":"Feature","geometry":{"type":"Point","coordinates":[-14.992272,16.58798]},"properties":{"Nom_de_l_e":"Faramaren","Arrondisse":"Thillé boubacar","Commune":"Ndiandane","Latitude":16.58798,"Longitude":-14.992272}},{"type":"Feature","geometry":{"type":"Point","coordinates":[-14.958714,16.648699]},"properties":{"Nom_de_l_e":"Fast-Food Chez Astel Sall","Arrondisse":"Podor","Commune":"Podor","Latitude":16.648699,"Longitude":-14.958714}},{"type":"Feature","geometry":{"type":"Point","coordinates":[-14.957511,16.6585628]},"properties":{"Nom_de_l_e":"Fatim Shop","Arrondisse":"Podor","Commune":"Podor","Latitude":16.6585628,"Longitude":-14.957511}},{"type":"Feature","geometry":{"type":"Point","coordinates":[-15.045803,16.499352]},"properties":{"Nom_de_l_e":"Fatimata Harona SY","Arrondisse":"Thila Boubacar","Commune":"Ndiayenne Pendao","Latitude":16.499352,"Longitude":-15.045803}},{"type":"Feature","geometry":{"type":"Point","coordinates":[-15.045086,16.500489]},"properties":{"Nom_de_l_e":"Fatimata niang business","Arrondisse":"Thile boubacar","Commune":"Ndiayene pendao","Latitude":16.500489,"Longitude":-15.045086}},{"type":"Feature","geometry":{"type":"Point","coordinates":[-15.125323,16.513402]},"properties":{"Nom_de_l_e":"Fatoumata Thielo","Arrondisse":"Thille Boubabcar","Commune":"Fanaye","Latitude":16.513402,"Longitude":-15.125323}},{"type":"Feature","geometry":{"type":"Point","coordinates":[-14.789823888848627,16.53311643932218]},"properties":{"Nom_de_l_e":"Faty Yero LY","Arrondisse":"Gamadji Saré","Commune":"Gamadji Saré","Latitude":16.60569,"Longitude":-15.667845}},{"type":"Feature","geometry":{"type":"Point","coordinates":[-14.309986,16.384327]},"properties":{"Nom_de_l_e":"Fawoura Ndiath","Arrondisse":"Cas cas","Commune":"Aere lao","Latitude":16.384327,"Longitude":-14.309986}},{"type":"Feature","geometry":{"type":"Point","coordinates":[-15.223097,16.527012]},"properties":{"Nom_de_l_e":"Fedior commerce","Arrondisse":"","Commune":"","Latitude":16.527012,"Longitude":-15.223097}},{"type":"Feature","geometry":{"type":"Point","coordinates":[-14.8490234,16.561672]},"properties":{"Nom_de_l_e":"Ferme Mo'soh","Arrondisse":"Gamadji Saré","Commune":"Guédé village","Latitude":16.561672,"Longitude":-14.8490234}},{"type":"Feature","geometry":{"type":"Point","coordinates":[-13.7763907,16.0490165]},"properties":{"Nom_de_l_e":"Ferme villageoise Naatangue de DIABA","Arrondisse":"Podor","Commune":"Diaba","Latitude":16.0490165,"Longitude":-13.7763907}},{"type":"Feature","geometry":{"type":"Point","coordinates":[-14.0193278,16.1915292]},"properties":{"Nom_de_l_e":"Fouiny le barbier","Arrondisse":"Cac cas","Commune":"Mboumba","Latitude":16.1915292,"Longitude":-14.0193278}},{"type":"Feature","geometry":{"type":"Point","coordinates":[-14.957757,16.652035]},"properties":{"Nom_de_l_e":"Fouta BIO","Arrondisse":"Podor","Commune":"Podor","Latitude":16.652035,"Longitude":-14.957757}},{"type":"Feature","geometry":{"type":"Point","coordinates":[-14.643929,16.513179]},"properties":{"Nom_de_l_e":"Fouta Moto","Arrondisse":"","Commune":"","Latitude":16.513179,"Longitude":-14.643929}},{"type":"Feature","geometry":{"type":"Point","coordinates":[-14.8644076,16.5237037]},"properties":{"Nom_de_l_e":"Fouta Moto","Arrondisse":"Gamadji Sare","Commune":"Guédé Village","Latitude":16.5237037,"Longitude":-14.8644076}},{"type":"Feature","geometry":{"type":"Point","coordinates":[-14.80408,16.544152]},"properties":{"Nom_de_l_e":"Foutasoudure","Arrondisse":"Gamadji sarré","Commune":"Gueddé village","Latitude":16.544152,"Longitude":-14.80408}},{"type":"Feature","geometry":{"type":"Point","coordinates":[-15.090555,16.517392]},"properties":{"Nom_de_l_e":"Fulani design Business","Arrondisse":"Thila Boubacar","Commune":"Thila Boubacar","Latitude":16.517392,"Longitude":-15.090555}},{"type":"Feature","geometry":{"type":"Point","coordinates":[-14.9563682,16.653886]},"properties":{"Nom_de_l_e":"Gasba informatique","Arrondisse":"Podor","Commune":"Podor","Latitude":16.653886,"Longitude":-14.9563682}},{"type":"Feature","geometry":{"type":"Point","coordinates":[-14.957195,16.652473]},"properties":{"Nom_de_l_e":"Gaue couture","Arrondisse":"Podor","Commune":"Podor","Latitude":16.652473,"Longitude":-14.957195}},{"type":"Feature","geometry":{"type":"Point","coordinates":[-14.647118,16.508824]},"properties":{"Nom_de_l_e":"Gaye couture","Arrondisse":"Gamadji","Commune":"Ndioum","Latitude":16.508824,"Longitude":-14.647118}},{"type":"Feature","geometry":{"type":"Point","coordinates":[-13.854519,16.075196]},"properties":{"Nom_de_l_e":"Gaye firdawssi","Arrondisse":"Saldé","Commune":"Galoya","Latitude":16.075196,"Longitude":-13.854519}},{"type":"Feature","geometry":{"type":"Point","coordinates":[-15.044855,16.503434]},"properties":{"Nom_de_l_e":"Gayordé galam","Arrondisse":"Thila Boubacar","Commune":"Ndiayenne Pendao","Latitude":16.503434,"Longitude":-15.044855}},{"type":"Feature","geometry":{"type":"Point","coordinates":[-15.090507,16.51744]},"properties":{"Nom_de_l_e":"GIE  bamtare thille boubacar","Arrondisse":"Thiller boubacar","Commune":"Thille boubacar","Latitude":16.51744,"Longitude":-15.090507}},{"type":"Feature","geometry":{"type":"Point","coordinates":[-14.956714,16.650274]},"properties":{"Nom_de_l_e":"GIE addi jam boyo","Arrondisse":"Podor","Commune":"Podor","Latitude":16.650274,"Longitude":-14.956714}},{"type":"Feature","geometry":{"type":"Point","coordinates":[-14.138141,16.296559]},"properties":{"Nom_de_l_e":"Gie aduna M laiterie","Arrondisse":"Cas cas","Commune":"Madina Niathbe","Latitude":16.296559,"Longitude":-14.138141}},{"type":"Feature","geometry":{"type":"Point","coordinates":[-14.140157,16.293376]},"properties":{"Nom_de_l_e":"Gie Allambe","Arrondisse":"cas cas","Commune":"Madina Ndiathbe","Latitude":16.293376,"Longitude":-14.140157}},{"type":"Feature","geometry":{"type":"Point","coordinates":[-15.090459,16.517384]},"properties":{"Nom_de_l_e":"GIE Aly diaw","Arrondisse":"Thila Boubacar","Commune":"Thila Boubacar","Latitude":16.517384,"Longitude":-15.090459}},{"type":"Feature","geometry":{"type":"Point","coordinates":[-14.95611,16.64975]},"properties":{"Nom_de_l_e":"GIE Andube Nafooré","Arrondisse":"Podor","Commune":"Podor","Latitude":16.64975,"Longitude":-14.95611}},{"type":"Feature","geometry":{"type":"Point","coordinates":[-14.230722,16.337923]},"properties":{"Nom_de_l_e":"Gie annoré pewal","Arrondisse":"Cas cas","Commune":"Doumgua Lao","Latitude":16.337923,"Longitude":-14.230722}},{"type":"Feature","geometry":{"type":"Point","coordinates":[-13.812673,16.061291]},"properties":{"Nom_de_l_e":"GIE AWOOWE","Arrondisse":"Saldé","Commune":"Mbolo Birane","Latitude":16.061291,"Longitude":-13.812673}},{"type":"Feature","geometry":{"type":"Point","coordinates":[-14.956141,16.655077]},"properties":{"Nom_de_l_e":"GIE BA ER FRERE","Arrondisse":"Gamadji Sarre","Commune":"Podor","Latitude":16.655077,"Longitude":-14.956141}},{"type":"Feature","geometry":{"type":"Point","coordinates":[-13.810527,16.06052]},"properties":{"Nom_de_l_e":"GIE Baalta","Arrondisse":"Saldé","Commune":"Mbolo Birane","Latitude":16.06052,"Longitude":-13.810527}},{"type":"Feature","geometry":{"type":"Point","coordinates":[-15.125365,16.513404]},"properties":{"Nom_de_l_e":"Gie Balogne Kalla Dimath Diery","Arrondisse":"Thille Boubacar","Commune":"Fanaye","Latitude":16.513404,"Longitude":-15.125365}},{"type":"Feature","geometry":{"type":"Point","coordinates":[-14.959698,16.648976]},"properties":{"Nom_de_l_e":"GIE BALTARE DE THILLE","Arrondisse":"Gamadji Sarre","Commune":"Podor","Latitude":16.648976,"Longitude":-14.959698}},{"type":"Feature","geometry":{"type":"Point","coordinates":[-14.806472,16.543787]},"properties":{"Nom_de_l_e":"GIE BAMTAARE GUEDE VILLAGE","Arrondisse":"Gamadji Sarré","Commune":"Guédé Village","Latitude":16.543787,"Longitude":-14.806472}},{"type":"Feature","geometry":{"type":"Point","coordinates":[-14.960411,16.651964]},"properties":{"Nom_de_l_e":"GIE BAMTARE DE MBOYO","Arrondisse":"Gamadji Sarre","Commune":"Podor","Latitude":16.651964,"Longitude":-14.960411}},{"type":"Feature","geometry":{"type":"Point","coordinates":[-15.012723,16.491297]},"properties":{"Nom_de_l_e":"Gie Bamtaré familly boulangerie pâtisserie figo","Arrondisse":"","Commune":"","Latitude":16.491297,"Longitude":-15.012723}},{"type":"Feature","geometry":{"type":"Point","coordinates":[-13.856052,16.07541]},"properties":{"Nom_de_l_e":"Gie Bamtaré Galoya plomberie","Arrondisse":"Saldé","Commune":"Galoya","Latitude":16.07541,"Longitude":-13.856052}},{"type":"Feature","geometry":{"type":"Point","coordinates":[-14.322152,16.392223]},"properties":{"Nom_de_l_e":"Gie Bamtaré Mboulé","Arrondisse":"Cas","Commune":"Aere Lao","Latitude":16.392223,"Longitude":-14.322152}},{"type":"Feature","geometry":{"type":"Point","coordinates":[-14.696036,16.517065]},"properties":{"Nom_de_l_e":"Gie Bamtare rewbes Gamadji Sarré","Arrondisse":"Gamadji Sarré","Commune":"Gamadji Sarré","Latitude":16.517065,"Longitude":-14.696036}},{"type":"Feature","geometry":{"type":"Point","coordinates":[-14.319128,16.390216]},"properties":{"Nom_de_l_e":"GIE Bandie","Arrondisse":"Cas-cas","Commune":"Aéré Lao","Latitude":16.390216,"Longitude":-14.319128}},{"type":"Feature","geometry":{"type":"Point","coordinates":[-14.016679,16.188379]},"properties":{"Nom_de_l_e":"GIE Bantaré Soubalo Mboumba","Arrondisse":"Cas-Cas","Commune":"Mboumba","Latitude":16.188379,"Longitude":-14.016679}},{"type":"Feature","geometry":{"type":"Point","coordinates":[-14.230209,16.337526]},"properties":{"Nom_de_l_e":"GIE Bara & Yélenango","Arrondisse":"Cas-cas","Commune":"Doumga Lao","Latitude":16.337526,"Longitude":-14.230209}},{"type":"Feature","geometry":{"type":"Point","coordinates":[-14.319139,16.39022]},"properties":{"Nom_de_l_e":"GIE Bidiew","Arrondisse":"Cas-cas","Commune":"Aéré Lao","Latitude":16.39022,"Longitude":-14.319139}},{"type":"Feature","geometry":{"type":"Point","coordinates":[-14.016676,16.188452]},"properties":{"Nom_de_l_e":"GIE Boulangerie de Mboumba","Arrondisse":"Cas-Cas","Commune":"Mboumba","Latitude":16.188452,"Longitude":-14.016676}},{"type":"Feature","geometry":{"type":"Point","coordinates":[-15.09166,16.517517]},"properties":{"Nom_de_l_e":"Gie bourlol 2","Arrondisse":"Thillé Boubacar","Commune":"Thillé Boubacar","Latitude":16.517517,"Longitude":-15.09166}},{"type":"Feature","geometry":{"type":"Point","coordinates":[-14.957797,16.652731]},"properties":{"Nom_de_l_e":"GIE Campement compagnie de la brousse","Arrondisse":"Gamadji Sarre","Commune":"Podor","Latitude":16.652731,"Longitude":-14.957797}},{"type":"Feature","geometry":{"type":"Point","coordinates":[-14.322147,16.39236]},"properties":{"Nom_de_l_e":"Gie construction électricité","Arrondisse":"Cas cas","Commune":"Aere lao","Latitude":16.39236,"Longitude":-14.322147}},{"type":"Feature","geometry":{"type":"Point","coordinates":[-14.989428,16.587715]},"properties":{"Nom_de_l_e":"GIE CUMA PILOTE 3","Arrondisse":"","Commune":"","Latitude":16.587715,"Longitude":-14.989428}},{"type":"Feature","geometry":{"type":"Point","coordinates":[-14.959779,16.654798]},"properties":{"Nom_de_l_e":"GIE DANTAL DONAYE","Arrondisse":"Gamadji Sarre","Commune":"Podor","Latitude":16.654798,"Longitude":-14.959779}},{"type":"Feature","geometry":{"type":"Point","coordinates":[-14.434186,16.487944]},"properties":{"Nom_de_l_e":"Gie Darl Maro","Arrondisse":"Gamadji Sarré","Commune":"Dodel","Latitude":16.487944,"Longitude":-14.434186}},{"type":"Feature","geometry":{"type":"Point","coordinates":[-14.956417,16.659143]},"properties":{"Nom_de_l_e":"Gie de thiofy","Arrondisse":"Podor","Commune":"Podor","Latitude":16.659143,"Longitude":-14.956417}},{"type":"Feature","geometry":{"type":"Point","coordinates":[-14.434105,16.487855]},"properties":{"Nom_de_l_e":"GIE DE WOWA","Arrondisse":"Gamadji Sarré","Commune":"Dodel","Latitude":16.487855,"Longitude":-14.434105}},{"type":"Feature","geometry":{"type":"Point","coordinates":[-14.104034,16.254807]},"properties":{"Nom_de_l_e":"GIE Delle 2 Golloré Nanaye","Arrondisse":"Cas-Cas","Commune":"Golloré","Latitude":16.254807,"Longitude":-14.104034}},{"type":"Feature","geometry":{"type":"Point","coordinates":[-14.663675,16.513062]},"properties":{"Nom_de_l_e":"Gie Dendelniol","Arrondisse":"Gamadji Sarré","Commune":"Gamadji Sarré","Latitude":16.513062,"Longitude":-14.663675}},{"type":"Feature","geometry":{"type":"Point","coordinates":[-13.810255,16.0603317]},"properties":{"Nom_de_l_e":"GIE DENTAL BIRANE","Arrondisse":"Salde","Commune":"Mbolo","Latitude":16.0603317,"Longitude":-13.810255}},{"type":"Feature","geometry":{"type":"Point","coordinates":[-14.646508,16.510389]},"properties":{"Nom_de_l_e":"Gie dental thierno madani","Arrondisse":"","Commune":"","Latitude":16.510389,"Longitude":-14.646508}},{"type":"Feature","geometry":{"type":"Point","coordinates":[-14.64418,16.510173]},"properties":{"Nom_de_l_e":"GIE des femmes de darou salam","Arrondisse":"Gamadji sarré","Commune":"Ndioume","Latitude":16.510173,"Longitude":-14.64418}},{"type":"Feature","geometry":{"type":"Point","coordinates":[-14.957804,16.656092]},"properties":{"Nom_de_l_e":"GIE des femmes de thialaga","Arrondisse":"Gamadji Sarre","Commune":"Podor","Latitude":16.656092,"Longitude":-14.957804}},{"type":"Feature","geometry":{"type":"Point","coordinates":[-13.810527,16.06052]},"properties":{"Nom_de_l_e":"GIE des pêcheurs de mbolo birane","Arrondisse":"Saldé","Commune":"Mbolo Birane","Latitude":16.06052,"Longitude":-13.810527}},{"type":"Feature","geometry":{"type":"Point","coordinates":[-13.997973,16.066863]},"properties":{"Nom_de_l_e":"Gie des relais communautaire de Bokké Dialloubé","Arrondisse":"Saldé","Commune":"Bokké Dialloubé","Latitude":16.066863,"Longitude":-13.997973}},{"type":"Feature","geometry":{"type":"Point","coordinates":[-14.434213,16.487598]},"properties":{"Nom_de_l_e":"Gie des relais communautaire Demette Dodél","Arrondisse":"","Commune":"","Latitude":16.487598,"Longitude":-14.434213}},{"type":"Feature","geometry":{"type":"Point","coordinates":[-13.812657,16.061346]},"properties":{"Nom_de_l_e":"GIE des relais communautaires de Mbolo Birane","Arrondisse":"Saldé","Commune":"Mbolo Birane","Latitude":16.061346,"Longitude":-13.812657}},{"type":"Feature","geometry":{"type":"Point","coordinates":[-15.091233,16.517778]},"properties":{"Nom_de_l_e":"GIE des tailleurs de thille","Arrondisse":"THILLE Boubacar","Commune":"thille Boubacar","Latitude":16.517778,"Longitude":-15.091233}},{"type":"Feature","geometry":{"type":"Point","coordinates":[-14.804555,16.542992]},"properties":{"Nom_de_l_e":"GIE DIALTABE MBOYO","Arrondisse":"Gamadji Sarré","Commune":"Guédé Village","Latitude":16.542992,"Longitude":-14.804555}},{"type":"Feature","geometry":{"type":"Point","coordinates":[-14.434119,16.487901]},"properties":{"Nom_de_l_e":"Gie Dodel nutrition","Arrondisse":"Gamadji Sarré","Commune":"Dodel","Latitude":16.487901,"Longitude":-14.434119}},{"type":"Feature","geometry":{"type":"Point","coordinates":[-14.959153,16.656828]},"properties":{"Nom_de_l_e":"GIE EL MOUSTAINE  BILAHI","Arrondisse":"Gamadji Sarre","Commune":"Podor","Latitude":16.656828,"Longitude":-14.959153}},{"type":"Feature","geometry":{"type":"Point","coordinates":[-14.0631,16.213862]},"properties":{"Nom_de_l_e":"Gie Elimane Mamadou Hann","Arrondisse":"Cas cas","Commune":"Mery","Latitude":16.213862,"Longitude":-14.0631}},{"type":"Feature","geometry":{"type":"Point","coordinates":[-13.987905,16.269725]},"properties":{"Nom_de_l_e":"Gie Elimane Oumar  Hann Thioubalel Lao","Arrondisse":"","Commune":"","Latitude":16.269725,"Longitude":-13.987905}},{"type":"Feature","geometry":{"type":"Point","coordinates":[-14.319633,16.390575]},"properties":{"Nom_de_l_e":"Gie équité","Arrondisse":"Cas cas","Commune":"Aere Lao","Latitude":16.390575,"Longitude":-14.319633}},{"type":"Feature","geometry":{"type":"Point","coordinates":[-13.948898,16.101263]},"properties":{"Nom_de_l_e":"GIE Fabrication Aliment Piscicole","Arrondisse":"Saldé","Commune":"Pété","Latitude":16.101263,"Longitude":-13.948898}},{"type":"Feature","geometry":{"type":"Point","coordinates":[-14.959043,16.657195]},"properties":{"Nom_de_l_e":"Gie faty ilimane","Arrondisse":"","Commune":"","Latitude":16.657195,"Longitude":-14.959043}},{"type":"Feature","geometry":{"type":"Point","coordinates":[-13.797509,16.019236]},"properties":{"Nom_de_l_e":"GIE Feddé Bamtare Diaba deklé","Arrondisse":"Salde","Commune":"Mbolo Birane","Latitude":16.019236,"Longitude":-13.797509}},{"type":"Feature","geometry":{"type":"Point","coordinates":[-14.693458,16.517932]},"properties":{"Nom_de_l_e":"GIE fedde Bamtaré ouly diabal","Arrondisse":"Gamadji Sarré","Commune":"Gamadji Sarré","Latitude":16.517932,"Longitude":-14.693458}},{"type":"Feature","geometry":{"type":"Point","coordinates":[-15.091778,16.51757]},"properties":{"Nom_de_l_e":"GIE féddé malandé","Arrondisse":"Thillé boubacar","Commune":"Thillé","Latitude":16.51757,"Longitude":-15.091778}},{"type":"Feature","geometry":{"type":"Point","coordinates":[-14.81525,16.5129917]},"properties":{"Nom_de_l_e":"GIE fedde nienbé agnam tonguel","Arrondisse":"","Commune":"","Latitude":16.5129917,"Longitude":-14.81525}},{"type":"Feature","geometry":{"type":"Point","coordinates":[-13.8087501,16.0597846]},"properties":{"Nom_de_l_e":"Gie fede bamtzre mbolo birane","Arrondisse":"Podor","Commune":"Mbolo birane","Latitude":16.0597846,"Longitude":-13.8087501}},{"type":"Feature","geometry":{"type":"Point","coordinates":[-14.957672,16.657912]},"properties":{"Nom_de_l_e":"GIE Femme de Thiofy","Arrondisse":"","Commune":"","Latitude":16.657912,"Longitude":-14.957672}},{"type":"Feature","geometry":{"type":"Point","coordinates":[-13.856037,16.075487]},"properties":{"Nom_de_l_e":"GIE FEMME TRANSFORMATRICE DE GALOYA","Arrondisse":"","Commune":"","Latitude":16.075487,"Longitude":-13.856037}},{"type":"Feature","geometry":{"type":"Point","coordinates":[-14.645337,16.510472]},"properties":{"Nom_de_l_e":"GIE Fete Pote Hamdate","Arrondisse":"Gamadji","Commune":"Ndioum","Latitude":16.510472,"Longitude":-14.645337}},{"type":"Feature","geometry":{"type":"Point","coordinates":[-13.851056,16.074497]},"properties":{"Nom_de_l_e":"GIE Gallé Badou","Arrondisse":"Saldé","Commune":"Galoya","Latitude":16.074497,"Longitude":-13.851056}},{"type":"Feature","geometry":{"type":"Point","coordinates":[-15.092255,16.517423]},"properties":{"Nom_de_l_e":"GIE gaye agrobusiness","Arrondisse":"","Commune":"","Latitude":16.517423,"Longitude":-15.092255}},{"type":"Feature","geometry":{"type":"Point","coordinates":[-14.665975,16.51383]},"properties":{"Nom_de_l_e":"Gie groupe d'achat numéro 2 de ndioum","Arrondisse":"Gamadji","Commune":"Sarré","Latitude":16.51383,"Longitude":-14.665975}},{"type":"Feature","geometry":{"type":"Point","coordinates":[-13.812657,16.061346]},"properties":{"Nom_de_l_e":"GIE Hamakane et Ibrahima","Arrondisse":"Saldé","Commune":"Mbolo Birane","Latitude":16.061346,"Longitude":-13.812657}},{"type":"Feature","geometry":{"type":"Point","coordinates":[-14.017324,16.189688]},"properties":{"Nom_de_l_e":"GIE JAYRE DE MBOUMBA","Arrondisse":"Cas cas","Commune":"Mboumba","Latitude":16.189688,"Longitude":-14.017324}},{"type":"Feature","geometry":{"type":"Point","coordinates":[-13.948366,16.100843]},"properties":{"Nom_de_l_e":"Gie jokere endam de sinthiane","Arrondisse":"","Commune":"","Latitude":16.100843,"Longitude":-13.948366}},{"type":"Feature","geometry":{"type":"Point","coordinates":[-14.805778,16.543853]},"properties":{"Nom_de_l_e":"GIE KAKETE","Arrondisse":"Gamadji Sarré","Commune":"Guédé Village","Latitude":16.543853,"Longitude":-14.805778}},{"type":"Feature","geometry":{"type":"Point","coordinates":[-14.990333,16.584218]},"properties":{"Nom_de_l_e":"GIE keur Samba Iba","Arrondisse":"Thillé Boubacar","Commune":"Ndiandane","Latitude":16.584218,"Longitude":-14.990333}},{"type":"Feature","geometry":{"type":"Point","coordinates":[-15.09265,16.517667]},"properties":{"Nom_de_l_e":"Gie kissal Thille Boubacar","Arrondisse":"Thille Boubacar","Commune":"Thille Boubacar","Latitude":16.517667,"Longitude":-15.09265}},{"type":"Feature","geometry":{"type":"Point","coordinates":[-14.203355,16.317242]},"properties":{"Nom_de_l_e":"GIE KOSSAM GAYNAKO DE YARE LAO","Arrondisse":"Cas cas","Commune":"Goumga lao","Latitude":16.317242,"Longitude":-14.203355}},{"type":"Feature","geometry":{"type":"Point","coordinates":[-14.137733,16.290589]},"properties":{"Nom_de_l_e":"Gie Lao Diab Ngolaade","Arrondisse":"cas cas","Commune":"Madine Niathbe","Latitude":16.290589,"Longitude":-14.137733}},{"type":"Feature","geometry":{"type":"Point","coordinates":[-14.063032,16.21383]},"properties":{"Nom_de_l_e":"Gie liguenadé leymimou","Arrondisse":"","Commune":"","Latitude":16.21383,"Longitude":-14.063032}},{"type":"Feature","geometry":{"type":"Point","coordinates":[-14.957321,16.652849]},"properties":{"Nom_de_l_e":"GIE loboudou Thiofy","Arrondisse":"Podor","Commune":"","Latitude":16.652849,"Longitude":-14.957321}},{"type":"Feature","geometry":{"type":"Point","coordinates":[-15.092292,16.517013]},"properties":{"Nom_de_l_e":"Gie malick ba et frere","Arrondisse":"","Commune":"Thile boubacar","Latitude":16.517013,"Longitude":-15.092292}},{"type":"Feature","geometry":{"type":"Point","coordinates":[-15.091596,16.517469]},"properties":{"Nom_de_l_e":"Gie mamadou hawa kane","Arrondisse":"Thile boubacar","Commune":"Ndiayen pendao","Latitude":16.517469,"Longitude":-15.091596}},{"type":"Feature","geometry":{"type":"Point","coordinates":[-14.063135,16.213985]},"properties":{"Nom_de_l_e":"Gie Mamadou Sally Sall Thioubalel","Arrondisse":"Cas cas","Commune":"Mboumba","Latitude":16.213985,"Longitude":-14.063135}},{"type":"Feature","geometry":{"type":"Point","coordinates":[-13.984397,16.27218]},"properties":{"Nom_de_l_e":"Gie Mamadou Sally SallThioubalel","Arrondisse":"","Commune":"","Latitude":16.27218,"Longitude":-13.984397}},{"type":"Feature","geometry":{"type":"Point","coordinates":[-14.140098,16.293424]},"properties":{"Nom_de_l_e":"Gie Mendy et freres","Arrondisse":"cas cas","Commune":"madina niathbe","Latitude":16.293424,"Longitude":-14.140098}},{"type":"Feature","geometry":{"type":"Point","coordinates":[-14.016644,16.188422]},"properties":{"Nom_de_l_e":"GIE Mery","Arrondisse":"Cas-Cas","Commune":"Mery","Latitude":16.188422,"Longitude":-14.016644}},{"type":"Feature","geometry":{"type":"Point","coordinates":[-14.06311,16.213812]},"properties":{"Nom_de_l_e":"Gie Mery Production","Arrondisse":"Cas cas","Commune":"Mery","Latitude":16.213812,"Longitude":-14.06311}},{"type":"Feature","geometry":{"type":"Point","coordinates":[-13.984486,16.269679]},"properties":{"Nom_de_l_e":"Gie Nafoore Rewbe Soubalo Thioubalel","Arrondisse":"cas cas","Commune":"Mey thioubalel","Latitude":16.269679,"Longitude":-13.984486}},{"type":"Feature","geometry":{"type":"Point","coordinates":[-14.985688,16.588397]},"properties":{"Nom_de_l_e":"GIE Ndiandane Cis ofadec","Arrondisse":"","Commune":"","Latitude":16.588397,"Longitude":-14.985688}},{"type":"Feature","geometry":{"type":"Point","coordinates":[-14.434174,16.487834]},"properties":{"Nom_de_l_e":"GIE NIORMI NIANGA EDY","Arrondisse":"","Commune":"","Latitude":16.487834,"Longitude":-14.434174}},{"type":"Feature","geometry":{"type":"Point","coordinates":[-14.754597,16.545583]},"properties":{"Nom_de_l_e":"GIE Nouvelle Génération Légale","Arrondisse":"Gamadji Saré","Commune":"Guédé Chantier","Latitude":16.545583,"Longitude":-14.754597}},{"type":"Feature","geometry":{"type":"Point","coordinates":[-14.75464,16.545545]},"properties":{"Nom_de_l_e":"Gie Pam et frère","Arrondisse":"","Commune":"","Latitude":16.545545,"Longitude":-14.75464}},{"type":"Feature","geometry":{"type":"Point","coordinates":[-13.808868,16.059637]},"properties":{"Nom_de_l_e":"GIE Pellital Mbolo Aly Sidi","Arrondisse":"Saldé","Commune":"Mbolo Birane","Latitude":16.059637,"Longitude":-13.808868}},{"type":"Feature","geometry":{"type":"Point","coordinates":[-14.634959,16.517481]},"properties":{"Nom_de_l_e":"GIE Poly Mbawa","Arrondisse":"","Commune":"","Latitude":16.517481,"Longitude":-14.634959}},{"type":"Feature","geometry":{"type":"Point","coordinates":[-14.95654,16.647827]},"properties":{"Nom_de_l_e":"GIE PRIVE PRIVE IBRAHIMA SALL","Arrondisse":"Gamadji Sarre","Commune":"Podor","Latitude":16.647827,"Longitude":-14.95654}},{"type":"Feature","geometry":{"type":"Point","coordinates":[-14.957841,16.656767]},"properties":{"Nom_de_l_e":"GIE RAMATOULAYE ALPHA","Arrondisse":"Gamadji Sarre","Commune":"Podor","Latitude":16.656767,"Longitude":-14.957841}},{"type":"Feature","geometry":{"type":"Point","coordinates":[-14.204426,16.503813]},"properties":{"Nom_de_l_e":"GIE réseau des femmes rurales actives","Arrondisse":"Cas-Cas","Commune":"Walaldé","Latitude":16.503813,"Longitude":-14.204426}},{"type":"Feature","geometry":{"type":"Point","coordinates":[-14.959773,16.656257]},"properties":{"Nom_de_l_e":"GIE SALIF OUMAR","Arrondisse":"Gamadji","Commune":"Podor","Latitude":16.656257,"Longitude":-14.959773}},{"type":"Feature","geometry":{"type":"Point","coordinates":[-14.959803,16.65572]},"properties":{"Nom_de_l_e":"GIE Salif Oumar","Arrondisse":"","Commune":"","Latitude":16.65572,"Longitude":-14.959803}},{"type":"Feature","geometry":{"type":"Point","coordinates":[-14.642088,16.509828]},"properties":{"Nom_de_l_e":"GIE Tamkhaly","Arrondisse":"Gamadji Sarré","Commune":"Ndioum","Latitude":16.509828,"Longitude":-14.642088}},{"type":"Feature","geometry":{"type":"Point","coordinates":[-15.046442,16.499847]},"properties":{"Nom_de_l_e":"GIE Thiambé Sowonabe","Arrondisse":"Thillé Boubacar","Commune":"Ndiayéne Pendao","Latitude":16.499847,"Longitude":-15.046442}},{"type":"Feature","geometry":{"type":"Point","coordinates":[-14.955649,16.652349]},"properties":{"Nom_de_l_e":"GIE thierno hamidou sy","Arrondisse":"Podor","Commune":"Podor","Latitude":16.652349,"Longitude":-14.955649}},{"type":"Feature","geometry":{"type":"Point","coordinates":[-13.8139202,16.0614028]},"properties":{"Nom_de_l_e":"Gie union Diawagn mbolo birane","Arrondisse":"","Commune":"","Latitude":16.0614028,"Longitude":-13.8139202}},{"type":"Feature","geometry":{"type":"Point","coordinates":[-15.04637,16.499857]},"properties":{"Nom_de_l_e":"GIE Union Sarré Walo de Pendao","Arrondisse":"Thillé Boubacar","Commune":"Ndiayéne Pendao","Latitude":16.499857,"Longitude":-15.04637}},{"type":"Feature","geometry":{"type":"Point","coordinates":[-15.092331,16.517607]},"properties":{"Nom_de_l_e":"GIE WELMA BOULANGERIE","Arrondisse":"","Commune":"","Latitude":16.517607,"Longitude":-15.092331}},{"type":"Feature","geometry":{"type":"Point","coordinates":[-14.960319,16.649962]},"properties":{"Nom_de_l_e":"GIE YAJEENDE DE SALDE","Arrondisse":"Gamadji Sarre","Commune":"Podor","Latitude":16.649962,"Longitude":-14.960319}},{"type":"Feature","geometry":{"type":"Point","coordinates":[-14.75421,16.54526]},"properties":{"Nom_de_l_e":"Gie yakaar Birgale","Arrondisse":"Gamadji Sarré","Commune":"Guédé Chantier","Latitude":16.54526,"Longitude":-14.75421}},{"type":"Feature","geometry":{"type":"Point","coordinates":[-15.045447,16.499547]},"properties":{"Nom_de_l_e":"GIE yakaar boulangerie pâtisserie de ndiayéne Pendao","Arrondisse":"Thillé Boubacar","Commune":"Ndiayéne Pendao","Latitude":16.499547,"Longitude":-15.045447}},{"type":"Feature","geometry":{"type":"Point","coordinates":[-13.997194,16.06698]},"properties":{"Nom_de_l_e":"GIE Yellitar Bawlogol Kossam Boke","Arrondisse":"Saldé","Commune":"Boké Dialloubé","Latitude":16.06698,"Longitude":-13.997194}},{"type":"Feature","geometry":{"type":"Point","coordinates":[-13.761283,16.055015]},"properties":{"Nom_de_l_e":"GIE Yontabe","Arrondisse":"Saldé","Commune":"Mbolo Birane","Latitude":16.055015,"Longitude":-13.761283}},{"type":"Feature","geometry":{"type":"Point","coordinates":[-14.959821,16.655751]},"properties":{"Nom_de_l_e":"GIR des femmes bamtare de guia waly fiala","Arrondisse":"Gamadji Sarre","Commune":"Podor","Latitude":16.655751,"Longitude":-14.959821}},{"type":"Feature","geometry":{"type":"Point","coordinates":[-15.092389,16.51756]},"properties":{"Nom_de_l_e":"Gora dieng commerce","Arrondisse":"","Commune":"Thile boubacar","Latitude":16.51756,"Longitude":-15.092389}},{"type":"Feature","geometry":{"type":"Point","coordinates":[-14.137506,16.295018]},"properties":{"Nom_de_l_e":"Groupements des chauffeurs du garage de madina ndiathbe","Arrondisse":"cas cas","Commune":"Medina Ndiathbe","Latitude":16.295018,"Longitude":-14.137506}},{"type":"Feature","geometry":{"type":"Point","coordinates":[-14.989793,16.591705]},"properties":{"Nom_de_l_e":"Habib Thiam Ndao","Arrondisse":"Thiele Boubacar","Commune":"Ndiadane","Latitude":16.591705,"Longitude":-14.989793}},{"type":"Feature","geometry":{"type":"Point","coordinates":[-15.092528,16.517607]},"properties":{"Nom_de_l_e":"Habib Thiam Ndao","Arrondisse":"Thille Boubacar","Commune":"Thille Boubacar","Latitude":16.517607,"Longitude":-15.092528}},{"type":"Feature","geometry":{"type":"Point","coordinates":[-15.221448,16.52704]},"properties":{"Nom_de_l_e":"hama Diop","Arrondisse":"THILLE Boubacar","Commune":"Fanaye","Latitude":16.52704,"Longitude":-15.221448}},{"type":"Feature","geometry":{"type":"Point","coordinates":[-14.8646046,16.5232786]},"properties":{"Nom_de_l_e":"Hamet Couture","Arrondisse":"Gamadji Saré","Commune":"Guédé village","Latitude":16.5232786,"Longitude":-14.8646046}},{"type":"Feature","geometry":{"type":"Point","coordinates":[-14.695071,16.517147]},"properties":{"Nom_de_l_e":"Hamidou couture","Arrondisse":"Gamadji","Commune":"Gamadji","Latitude":16.517147,"Longitude":-14.695071}},{"type":"Feature","geometry":{"type":"Point","coordinates":[-14.203355,16.317242]},"properties":{"Nom_de_l_e":"Hamidou Niang","Arrondisse":"Cas cas","Commune":"Aero lao","Latitude":16.317242,"Longitude":-14.203355}},{"type":"Feature","geometry":{"type":"Point","coordinates":[-14.95782,16.649453]},"properties":{"Nom_de_l_e":"Hamidou Sylla","Arrondisse":"Gamadji sarre","Commune":"Podor","Latitude":16.649453,"Longitude":-14.95782}},{"type":"Feature","geometry":{"type":"Point","coordinates":[-15.223926,16.52568]},"properties":{"Nom_de_l_e":"haoua Ly","Arrondisse":"Thille Boubabar","Commune":"Fanaye","Latitude":16.52568,"Longitude":-15.223926}},{"type":"Feature","geometry":{"type":"Point","coordinates":[-15.045426,16.500818]},"properties":{"Nom_de_l_e":"Harona Sy","Arrondisse":"Thille Boubacar","Commune":"Ndiayene Pendao","Latitude":16.500818,"Longitude":-15.045426}},{"type":"Feature","geometry":{"type":"Point","coordinates":[-15.092389,16.517541]},"properties":{"Nom_de_l_e":"Harouna Diack","Arrondisse":"Thila Boubacar","Commune":"Thila Boubacar","Latitude":16.517541,"Longitude":-15.092389}},{"type":"Feature","geometry":{"type":"Point","coordinates":[-15.046361,16.499905]},"properties":{"Nom_de_l_e":"Harouna SY","Arrondisse":"Thila Boubacar","Commune":"Gamadji Saré","Latitude":16.499905,"Longitude":-15.046361}},{"type":"Feature","geometry":{"type":"Point","coordinates":[-14.959726,16.65336]},"properties":{"Nom_de_l_e":"Hassene Ndiaye","Arrondisse":"Gamadji Sarre","Commune":"Podor","Latitude":16.65336,"Longitude":-14.959726}},{"type":"Feature","geometry":{"type":"Point","coordinates":[-14.804513,16.542811]},"properties":{"Nom_de_l_e":"Hawa Sow","Arrondisse":"Gamadji Saré","Commune":"Guédé Village","Latitude":16.542811,"Longitude":-14.804513}},{"type":"Feature","geometry":{"type":"Point","coordinates":[-14.104067,16.254808]},"properties":{"Nom_de_l_e":"Houleye Tall","Arrondisse":"Cas-Cas","Commune":"Golloré","Latitude":16.254808,"Longitude":-14.104067}},{"type":"Feature","geometry":{"type":"Point","coordinates":[-14.645397,16.510431]},"properties":{"Nom_de_l_e":"Ibra Abdoul Ba","Arrondisse":"Gamadji Sarré","Commune":"Gamadji Sarré","Latitude":16.510431,"Longitude":-14.645397}},{"type":"Feature","geometry":{"type":"Point","coordinates":[-15.223083,16.527012]},"properties":{"Nom_de_l_e":"Ibra commerce","Arrondisse":"","Commune":"","Latitude":16.527012,"Longitude":-15.223083}},{"type":"Feature","geometry":{"type":"Point","coordinates":[-15.124166,16.511815]},"properties":{"Nom_de_l_e":"Ibrahima Diagne","Arrondisse":"Thille Boubacar","Commune":"Fanaye","Latitude":16.511815,"Longitude":-15.124166}},{"type":"Feature","geometry":{"type":"Point","coordinates":[-13.949406,16.101781]},"properties":{"Nom_de_l_e":"Ibrahima Mangane","Arrondisse":"Saldé","Commune":"Pété","Latitude":16.101781,"Longitude":-13.949406}},{"type":"Feature","geometry":{"type":"Point","coordinates":[-14.064768,16.38513]},"properties":{"Nom_de_l_e":"Idrissa Guiro SENE","Arrondisse":"Cas-Cas","Commune":"Medina Ndiathbe","Latitude":16.38513,"Longitude":-14.064768}},{"type":"Feature","geometry":{"type":"Point","coordinates":[-14.104114,16.254787]},"properties":{"Nom_de_l_e":"Idrissa Moussa Sy","Arrondisse":"Cas cas","Commune":"Gollere","Latitude":16.254787,"Longitude":-14.104114}},{"type":"Feature","geometry":{"type":"Point","coordinates":[-14.319657,16.390522]},"properties":{"Nom_de_l_e":"Idrissa Sall Sene","Arrondisse":"Cas cas","Commune":"Aere Lao","Latitude":16.390522,"Longitude":-14.319657}},{"type":"Feature","geometry":{"type":"Point","coordinates":[-15.044841,16.50345]},"properties":{"Nom_de_l_e":"Ismaila Ousmane Sy","Arrondisse":"Thila Boubacar","Commune":"Ndiayenne Pendao","Latitude":16.50345,"Longitude":-15.044841}},{"type":"Feature","geometry":{"type":"Point","coordinates":[-13.94953,16.101795]},"properties":{"Nom_de_l_e":"Issaga samb Dia","Arrondisse":"Saldé","Commune":"Pété","Latitude":16.101795,"Longitude":-13.94953}},{"type":"Feature","geometry":{"type":"Point","coordinates":[-14.66272,16.511932]},"properties":{"Nom_de_l_e":"Jean Edmond Patrice Coly","Arrondisse":"Gamadji Sarré","Commune":"Ndioum","Latitude":16.511932,"Longitude":-14.66272}},{"type":"Feature","geometry":{"type":"Point","coordinates":[-14.066346,16.386404]},"properties":{"Nom_de_l_e":"JEM Deef","Arrondisse":"Cas cas","Commune":"Cas cas","Latitude":16.386404,"Longitude":-14.066346}},{"type":"Feature","geometry":{"type":"Point","coordinates":[-14.2843676,16.567921]},"properties":{"Nom_de_l_e":"Kaladio multiservices","Arrondisse":"Gamadj sarrè","Commune":"Demett","Latitude":16.567921,"Longitude":-14.2843676}},{"type":"Feature","geometry":{"type":"Point","coordinates":[-14.957838,16.647121]},"properties":{"Nom_de_l_e":"Kalidou samba ba","Arrondisse":"Gamadji Sarre","Commune":"Podor","Latitude":16.647121,"Longitude":-14.957838}},{"type":"Feature","geometry":{"type":"Point","coordinates":[-15.056655,16.501365]},"properties":{"Nom_de_l_e":"Kelimane oil","Arrondisse":"Thillé boubacar","Commune":"Ndiayén pendao","Latitude":16.501365,"Longitude":-15.056655}},{"type":"Feature","geometry":{"type":"Point","coordinates":[-14.203547,16.503529]},"properties":{"Nom_de_l_e":"Keur serigne Saliou","Arrondisse":"Cas cas","Commune":"Walaldé","Latitude":16.503529,"Longitude":-14.203547}},{"type":"Feature","geometry":{"type":"Point","coordinates":[-14.203355,16.317242]},"properties":{"Nom_de_l_e":"Khadime Diop","Arrondisse":"Cas cas","Commune":"Aero lao","Latitude":16.317242,"Longitude":-14.203355}},{"type":"Feature","geometry":{"type":"Point","coordinates":[-14.955509,16.646015]},"properties":{"Nom_de_l_e":"Khady thizm","Arrondisse":"Gamadji Sarre","Commune":"Podor","Latitude":16.646015,"Longitude":-14.955509}},{"type":"Feature","geometry":{"type":"Point","coordinates":[-14.652961,16.511322]},"properties":{"Nom_de_l_e":"Khalifa aluminium","Arrondisse":"Gamadji","Commune":"Ndioum","Latitude":16.511322,"Longitude":-14.652961}},{"type":"Feature","geometry":{"type":"Point","coordinates":[-14.960367,16.651874]},"properties":{"Nom_de_l_e":"Khardiata Thiam","Arrondisse":"Gamadji sarre","Commune":"Podor","Latitude":16.651874,"Longitude":-14.960367}},{"type":"Feature","geometry":{"type":"Point","coordinates":[-14.434143,16.487911]},"properties":{"Nom_de_l_e":"Khardiatou Seck","Arrondisse":"Gamadji Sarré","Commune":"Dodel","Latitude":16.487911,"Longitude":-14.434143}},{"type":"Feature","geometry":{"type":"Point","coordinates":[-14.9569112,16.655036]},"properties":{"Nom_de_l_e":"Kiosque Orange Money","Arrondisse":"Podor","Commune":"Podor","Latitude":16.655036,"Longitude":-14.9569112}},{"type":"Feature","geometry":{"type":"Point","coordinates":[-15.119855,16.511608]},"properties":{"Nom_de_l_e":"Koudedji kane","Arrondisse":"Thille Boubacar","Commune":"Fanaye","Latitude":16.511608,"Longitude":-15.119855}},{"type":"Feature","geometry":{"type":"Point","coordinates":[-14.9582792,16.6481112]},"properties":{"Nom_de_l_e":"Koury Bâ","Arrondisse":"Podor","Commune":"Podor","Latitude":16.6481112,"Longitude":-14.9582792}},{"type":"Feature","geometry":{"type":"Point","coordinates":[-14.018026,16.191062]},"properties":{"Nom_de_l_e":"La poste","Arrondisse":"Cas cas","Commune":"Mboumba","Latitude":16.191062,"Longitude":-14.018026}},{"type":"Feature","geometry":{"type":"Point","coordinates":[-14.65564,16.511632]},"properties":{"Nom_de_l_e":"Lamine Aidara","Arrondisse":"Gamadji","Commune":"Ndioum","Latitude":16.511632,"Longitude":-14.65564}},{"type":"Feature","geometry":{"type":"Point","coordinates":[-14.957321,16.652131]},"properties":{"Nom_de_l_e":"Lamtoro groupe SUARL","Arrondisse":"Podor","Commune":"Podor","Latitude":16.652131,"Longitude":-14.957321}},{"type":"Feature","geometry":{"type":"Point","coordinates":[-14.645468,16.510584]},"properties":{"Nom_de_l_e":"Léwlewale","Arrondisse":"Gamadji Sarré","Commune":"Ndioum","Latitude":16.510584,"Longitude":-14.645468}},{"type":"Feature","geometry":{"type":"Point","coordinates":[-14.9566676,16.653186]},"properties":{"Nom_de_l_e":"Machine Magoume","Arrondisse":"Podor","Commune":"Podor","Latitude":16.653186,"Longitude":-14.9566676}},{"type":"Feature","geometry":{"type":"Point","coordinates":[-14.9566458,16.6531276]},"properties":{"Nom_de_l_e":"Mada business","Arrondisse":"Podor","Commune":"Podor","Latitude":16.6531276,"Longitude":-14.9566458}},{"type":"Feature","geometry":{"type":"Point","coordinates":[-14.956635,16.65394]},"properties":{"Nom_de_l_e":"Mahmoud Sy","Arrondisse":"Gamadji Sarre","Commune":"Podor","Latitude":16.65394,"Longitude":-14.956635}},{"type":"Feature","geometry":{"type":"Point","coordinates":[-14.637942,16.514143]},"properties":{"Nom_de_l_e":"Maimouna Yero Mbacké","Arrondisse":"Gamadji Sarré","Commune":"Gamadji Sarré","Latitude":16.514143,"Longitude":-14.637942}},{"type":"Feature","geometry":{"type":"Point","coordinates":[-14.644489,16.510049]},"properties":{"Nom_de_l_e":"Male Dieng","Arrondisse":"Gamadji Sarré","Commune":"Gamadji Sarré","Latitude":16.510049,"Longitude":-14.644489}},{"type":"Feature","geometry":{"type":"Point","coordinates":[-14.434119,16.48789]},"properties":{"Nom_de_l_e":"Mamadou Amadou Mbaye","Arrondisse":"Gamadji Sarré","Commune":"Dodel","Latitude":16.48789,"Longitude":-14.434119}},{"type":"Feature","geometry":{"type":"Point","coordinates":[-13.997977,16.066946]},"properties":{"Nom_de_l_e":"Mamadou Amadou SALL","Arrondisse":"Saldé","Commune":"Boké Dialloubé","Latitude":16.066946,"Longitude":-13.997977}},{"type":"Feature","geometry":{"type":"Point","coordinates":[-14.063138,16.213819]},"properties":{"Nom_de_l_e":"Mamadou Ba","Arrondisse":"Cas-Cas","Commune":"Mery","Latitude":16.213819,"Longitude":-14.063138}},{"type":"Feature","geometry":{"type":"Point","coordinates":[-15.227834,16.526502]},"properties":{"Nom_de_l_e":"Mamadou Dia","Arrondisse":"Thille Boubabar","Commune":"Fanaye","Latitude":16.526502,"Longitude":-15.227834}},{"type":"Feature","geometry":{"type":"Point","coordinates":[-15.223068,16.527014]},"properties":{"Nom_de_l_e":"Mamadou Diagne","Arrondisse":"Thila Boubacar","Commune":"Fanaye","Latitude":16.527014,"Longitude":-15.223068}},{"type":"Feature","geometry":{"type":"Point","coordinates":[-14.989495,16.58815]},"properties":{"Nom_de_l_e":"Mamadou Gaye Diop","Arrondisse":"Thillé Boubacar","Commune":"Ndiandane","Latitude":16.58815,"Longitude":-14.989495}},{"type":"Feature","geometry":{"type":"Point","coordinates":[-14.272775,16.548159]},"properties":{"Nom_de_l_e":"Mamadou Mamadou diallo","Arrondisse":"Gamadji SARÉ","Commune":"Démette","Latitude":16.548159,"Longitude":-14.272775}},{"type":"Feature","geometry":{"type":"Point","coordinates":[-14.319802,16.3906]},"properties":{"Nom_de_l_e":"Mamadou Mody Gueye","Arrondisse":"Cas cas","Commune":"Aere Lao","Latitude":16.3906,"Longitude":-14.319802}},{"type":"Feature","geometry":{"type":"Point","coordinates":[-14.989395,16.587895]},"properties":{"Nom_de_l_e":"Mamadou Niane","Arrondisse":"Thillé Boubacar","Commune":"Ndiandane","Latitude":16.587895,"Longitude":-14.989395}},{"type":"Feature","geometry":{"type":"Point","coordinates":[-14.957769,16.657241]},"properties":{"Nom_de_l_e":"Mamadou sall","Arrondisse":"Gamadji Sarre","Commune":"Podor","Latitude":16.657241,"Longitude":-14.957769}},{"type":"Feature","geometry":{"type":"Point","coordinates":[-14.648706,16.51094]},"properties":{"Nom_de_l_e":"Mamadou Sow","Arrondisse":"Gamadji Sarré","Commune":"Ndioum","Latitude":16.51094,"Longitude":-14.648706}},{"type":"Feature","geometry":{"type":"Point","coordinates":[-15.226932,16.526066]},"properties":{"Nom_de_l_e":"Mamadou Sow","Arrondisse":"Thille Boubabar","Commune":"Fanaye","Latitude":16.526066,"Longitude":-15.226932}},{"type":"Feature","geometry":{"type":"Point","coordinates":[-14.958,16.651996]},"properties":{"Nom_de_l_e":"Mamadou Sow Transport","Arrondisse":"Fanaye","Commune":"Fanaye","Latitude":16.651996,"Longitude":-14.958}},{"type":"Feature","geometry":{"type":"Point","coordinates":[-15.187372,16.526628]},"properties":{"Nom_de_l_e":"Mamadou Sy","Arrondisse":"Thillé Boubacar","Commune":"Fanaye","Latitude":16.526628,"Longitude":-15.187372}},{"type":"Feature","geometry":{"type":"Point","coordinates":[-14.64752,16.510873]},"properties":{"Nom_de_l_e":"Mamadou vulgarisateur","Arrondisse":"Gamadji","Commune":"Ndioum","Latitude":16.510873,"Longitude":-14.64752}},{"type":"Feature","geometry":{"type":"Point","coordinates":[-14.9577123,16.6465916]},"properties":{"Nom_de_l_e":"Marème shop","Arrondisse":"Podor","Commune":"Podor","Latitude":16.6465916,"Longitude":-14.9577123}},{"type":"Feature","geometry":{"type":"Point","coordinates":[-15.045803,16.499352]},"properties":{"Nom_de_l_e":"Mariama KANE","Arrondisse":"Thila Boubacar","Commune":"Ndiayenne Pendao","Latitude":16.499352,"Longitude":-15.045803}},{"type":"Feature","geometry":{"type":"Point","coordinates":[-14.957754,16.649763]},"properties":{"Nom_de_l_e":"Marieme Traore","Arrondisse":"Gamadji sarre","Commune":"Podor","Latitude":16.649763,"Longitude":-14.957754}},{"type":"Feature","geometry":{"type":"Point","coordinates":[-14.957106,16.653161]},"properties":{"Nom_de_l_e":"Mbaye Fall","Arrondisse":"Gamadji Sarre","Commune":"Podor","Latitude":16.653161,"Longitude":-14.957106}},{"type":"Feature","geometry":{"type":"Point","coordinates":[-13.949362,16.101748]},"properties":{"Nom_de_l_e":"Mbeldam","Arrondisse":"Saldé","Commune":"Pète","Latitude":16.101748,"Longitude":-13.949362}},{"type":"Feature","geometry":{"type":"Point","coordinates":[-13.948474,16.100796]},"properties":{"Nom_de_l_e":"Médecine traditionnelle","Arrondisse":"Saldé","Commune":"Pète","Latitude":16.100796,"Longitude":-13.948474}},{"type":"Feature","geometry":{"type":"Point","coordinates":[-14.017715,16.189025]},"properties":{"Nom_de_l_e":"Mega - Boulangerie","Arrondisse":"Cas-Cas","Commune":"Mboumba","Latitude":16.189025,"Longitude":-14.017715}},{"type":"Feature","geometry":{"type":"Point","coordinates":[-13.949489,16.101814]},"properties":{"Nom_de_l_e":"Menuiserie générale keur Mustapha Mbacké","Arrondisse":"Saldé","Commune":"Pété","Latitude":16.101814,"Longitude":-13.949489}},{"type":"Feature","geometry":{"type":"Point","coordinates":[-14.652961,16.511322]},"properties":{"Nom_de_l_e":"menuiserie Kelly","Arrondisse":"Gamadji","Commune":"Ndioum","Latitude":16.511322,"Longitude":-14.652961}},{"type":"Feature","geometry":{"type":"Point","coordinates":[-14.649856,16.51096]},"properties":{"Nom_de_l_e":"Menuiserie Khadime Rassoul","Arrondisse":"Gamadj","Commune":"Ndioum","Latitude":16.51096,"Longitude":-14.649856}},{"type":"Feature","geometry":{"type":"Point","coordinates":[-14.650768,16.511208]},"properties":{"Nom_de_l_e":"Menuiserie métallique Thierno Hamidou Ly","Arrondisse":"Gamadji","Commune":"Ndioum","Latitude":16.511208,"Longitude":-14.650768}},{"type":"Feature","geometry":{"type":"Point","coordinates":[-14.9574967,16.6464578]},"properties":{"Nom_de_l_e":"Menuiserie Moussa Bassoume","Arrondisse":"Podor","Commune":"Podor","Latitude":16.6464578,"Longitude":-14.9574967}},{"type":"Feature","geometry":{"type":"Point","coordinates":[-14.695835,16.517248]},"properties":{"Nom_de_l_e":"Menuisier métallique","Arrondisse":"Gamadji sarré","Commune":"Gamadji sarré","Latitude":16.517248,"Longitude":-14.695835}},{"type":"Feature","geometry":{"type":"Point","coordinates":[-14.754963,16.545442]},"properties":{"Nom_de_l_e":"Menuisier Wa keur serigne babacar sy","Arrondisse":"Gamadji sarré","Commune":"Gueddé santhié","Latitude":16.545442,"Longitude":-14.754963}},{"type":"Feature","geometry":{"type":"Point","coordinates":[-14.95905,16.6582183]},"properties":{"Nom_de_l_e":"MND service","Arrondisse":"Podor","Commune":"Podor","Latitude":16.6582183,"Longitude":-14.95905}},{"type":"Feature","geometry":{"type":"Point","coordinates":[-14.138896,16.295582]},"properties":{"Nom_de_l_e":"Modou Ndiaye","Arrondisse":"Cas Cas","Commune":"Madina niathbe","Latitude":16.295582,"Longitude":-14.138896}},{"type":"Feature","geometry":{"type":"Point","coordinates":[-14.9565059,16.6521031]},"properties":{"Nom_de_l_e":"Mohamed Aïdara","Arrondisse":"Podor","Commune":"Podor","Latitude":16.6521031,"Longitude":-14.9565059}},{"type":"Feature","geometry":{"type":"Point","coordinates":[-14.652961,16.511322]},"properties":{"Nom_de_l_e":"Mokhtar Diouf vulgarisateur","Arrondisse":"","Commune":"","Latitude":16.511322,"Longitude":-14.652961}},{"type":"Feature","geometry":{"type":"Point","coordinates":[-14.016568,16.1882]},"properties":{"Nom_de_l_e":"Mor Niang","Arrondisse":"Cas cas","Commune":"Mboumba","Latitude":16.1882,"Longitude":-14.016568}},{"type":"Feature","geometry":{"type":"Point","coordinates":[-14.203355,16.317242]},"properties":{"Nom_de_l_e":"Mor Sai Diankha","Arrondisse":"Cas cas","Commune":"Aero lao","Latitude":16.317242,"Longitude":-14.203355}},{"type":"Feature","geometry":{"type":"Point","coordinates":[-13.997977,16.066946]},"properties":{"Nom_de_l_e":"Mouhamadou Baba Diallo","Arrondisse":"Saldé","Commune":"Boké Dialloubé","Latitude":16.066946,"Longitude":-13.997977}},{"type":"Feature","geometry":{"type":"Point","coordinates":[-14.138208,16.29091]},"properties":{"Nom_de_l_e":"Mouhamadou Labba Diaby","Arrondisse":"Cas Cas","Commune":"Madina Niathbe","Latitude":16.29091,"Longitude":-14.138208}},{"type":"Feature","geometry":{"type":"Point","coordinates":[-14.018012,16.190862]},"properties":{"Nom_de_l_e":"Mouhamadou poisson","Arrondisse":"Cas Cas","Commune":"Mboumba","Latitude":16.190862,"Longitude":-14.018012}},{"type":"Feature","geometry":{"type":"Point","coordinates":[-14.203355,16.317242]},"properties":{"Nom_de_l_e":"Mouhamadou Sarr","Arrondisse":"Cas cas","Commune":"Doumga lao","Latitude":16.317242,"Longitude":-14.203355}},{"type":"Feature","geometry":{"type":"Point","coordinates":[-15.222061,16.52697]},"properties":{"Nom_de_l_e":"moussa Diallo","Arrondisse":"Thila Boubacar","Commune":"Fanaye","Latitude":16.52697,"Longitude":-15.222061}},{"type":"Feature","geometry":{"type":"Point","coordinates":[-15.22348,16.527145]},"properties":{"Nom_de_l_e":"Moussa Diallo","Arrondisse":"Thillé Boubacar","Commune":"Fanaye","Latitude":16.527145,"Longitude":-15.22348}},{"type":"Feature","geometry":{"type":"Point","coordinates":[-14.13971,16.290407]},"properties":{"Nom_de_l_e":"Moussa Diop","Arrondisse":"Cas Cas","Commune":"Medina Niathbé","Latitude":16.290407,"Longitude":-14.13971}},{"type":"Feature","geometry":{"type":"Point","coordinates":[-15.046361,16.499905]},"properties":{"Nom_de_l_e":"Moussa SOW","Arrondisse":"Thila Boubacar","Commune":"Ndiayenne Pendao","Latitude":16.499905,"Longitude":-15.046361}},{"type":"Feature","geometry":{"type":"Point","coordinates":[-14.434138,16.487931]},"properties":{"Nom_de_l_e":"Moussa Sy","Arrondisse":"Cas cas","Commune":"Dolde","Latitude":16.487931,"Longitude":-14.434138}},{"type":"Feature","geometry":{"type":"Point","coordinates":[-14.319147,16.390216]},"properties":{"Nom_de_l_e":"Moussa Watt","Arrondisse":"Cas cas","Commune":"Aere lao","Latitude":16.390216,"Longitude":-14.319147}},{"type":"Feature","geometry":{"type":"Point","coordinates":[-14.102693,16.253754]},"properties":{"Nom_de_l_e":"Moussa Yoro Lom","Arrondisse":"Cas cas","Commune":"Gollere","Latitude":16.253754,"Longitude":-14.102693}},{"type":"Feature","geometry":{"type":"Point","coordinates":[-14.104034,16.254807]},"properties":{"Nom_de_l_e":"Ndeye Diop","Arrondisse":"Cas-Cas","Commune":"Golloré","Latitude":16.254807,"Longitude":-14.104034}},{"type":"Feature","geometry":{"type":"Point","coordinates":[-14.98911,16.588377]},"properties":{"Nom_de_l_e":"Ndiandane 2 Ofadec","Arrondisse":"Thila Boubacar","Commune":"Ndiandane","Latitude":16.588377,"Longitude":-14.98911}},{"type":"Feature","geometry":{"type":"Point","coordinates":[-14.9579891,16.6529484]},"properties":{"Nom_de_l_e":"Ndiaye & frère","Arrondisse":"Podor","Commune":"Podor","Latitude":16.6529484,"Longitude":-14.9579891}},{"type":"Feature","geometry":{"type":"Point","coordinates":[-14.61531,16.505514]},"properties":{"Nom_de_l_e":"Nene Ousmane Dia","Arrondisse":"Gamadji Sarré","Commune":"Gamadji Sarré Podor","Latitude":16.505514,"Longitude":-14.61531}},{"type":"Feature","geometry":{"type":"Point","coordinates":[-14.955268,16.645153]},"properties":{"Nom_de_l_e":"Niary Aidara","Arrondisse":"Gamadji","Commune":"Podor","Latitude":16.645153,"Longitude":-14.955268}},{"type":"Feature","geometry":{"type":"Point","coordinates":[-14.323386,16.393378]},"properties":{"Nom_de_l_e":"Nouvelle Pharmacie du Lao","Arrondisse":"Cas cas","Commune":"Aere lao","Latitude":16.393378,"Longitude":-14.323386}},{"type":"Feature","geometry":{"type":"Point","coordinates":[-14.9586888,16.6485639]},"properties":{"Nom_de_l_e":"NSAMM","Arrondisse":"Podor","Commune":"Podor","Latitude":16.6485639,"Longitude":-14.9586888}},{"type":"Feature","geometry":{"type":"Point","coordinates":[-14.956023,16.647157]},"properties":{"Nom_de_l_e":"Oumar Amadou sow","Arrondisse":"Gamadji Sarre","Commune":"Podor","Latitude":16.647157,"Longitude":-14.956023}},{"type":"Feature","geometry":{"type":"Point","coordinates":[-14.3234,16.393441]},"properties":{"Nom_de_l_e":"Oumar Demba Sy","Arrondisse":"Cas cas","Commune":"Bode","Latitude":16.393441,"Longitude":-14.3234}},{"type":"Feature","geometry":{"type":"Point","coordinates":[-14.645348,16.510599]},"properties":{"Nom_de_l_e":"Oumar Gaye","Arrondisse":"Gamadji Sarré","Commune":"Ndioum","Latitude":16.510599,"Longitude":-14.645348}},{"type":"Feature","geometry":{"type":"Point","coordinates":[-15.044875,16.503434]},"properties":{"Nom_de_l_e":"Oumar Mbengue","Arrondisse":"Thillé Boubacar","Commune":"Ndiayenne Pendao","Latitude":16.503434,"Longitude":-15.044875}},{"type":"Feature","geometry":{"type":"Point","coordinates":[-14.65564,16.511632]},"properties":{"Nom_de_l_e":"Oumar sow","Arrondisse":"Gamadji","Commune":"Ndioum","Latitude":16.511632,"Longitude":-14.65564}},{"type":"Feature","geometry":{"type":"Point","coordinates":[-15.091893,16.517365]},"properties":{"Nom_de_l_e":"Oumar Sy","Arrondisse":"Thille Boubacar","Commune":"Thille Boubacar","Latitude":16.517365,"Longitude":-15.091893}},{"type":"Feature","geometry":{"type":"Point","coordinates":[-15.187187,16.526535]},"properties":{"Nom_de_l_e":"Oumar Sy","Arrondisse":"Thillé Boubacar","Commune":"Fanaye","Latitude":16.526535,"Longitude":-15.187187}},{"type":"Feature","geometry":{"type":"Point","coordinates":[-15.126076,16.512955]},"properties":{"Nom_de_l_e":"Oumar Thiello","Arrondisse":"Thille Boubacar","Commune":"Fanaye","Latitude":16.512955,"Longitude":-15.126076}},{"type":"Feature","geometry":{"type":"Point","coordinates":[-14.61531,16.505514]},"properties":{"Nom_de_l_e":"Ousmane Abdoulaye Wade","Arrondisse":"Gamadji Sarré","Commune":"Gamadji Sarré","Latitude":16.505514,"Longitude":-14.61531}},{"type":"Feature","geometry":{"type":"Point","coordinates":[-13.998055,16.066939]},"properties":{"Nom_de_l_e":"Ousmane Abou Ly","Arrondisse":"Saldé","Commune":"Bokké Dialloubé","Latitude":16.066939,"Longitude":-13.998055}},{"type":"Feature","geometry":{"type":"Point","coordinates":[-14.319782,16.390567]},"properties":{"Nom_de_l_e":"Ousmane Diallo","Arrondisse":"Cas cas","Commune":"Aere Lao","Latitude":16.390567,"Longitude":-14.319782}},{"type":"Feature","geometry":{"type":"Point","coordinates":[-15.223071,16.527013]},"properties":{"Nom_de_l_e":"Ousmane Gaye","Arrondisse":"Thille Boubacar","Commune":"Fanaye","Latitude":16.527013,"Longitude":-15.223071}},{"type":"Feature","geometry":{"type":"Point","coordinates":[-15.171177,16.525898]},"properties":{"Nom_de_l_e":"Ousmane Moudo Sy","Arrondisse":"Thillé Boubacar","Commune":"Fanaye","Latitude":16.525898,"Longitude":-15.171177}},{"type":"Feature","geometry":{"type":"Point","coordinates":[-14.957129,16.655042]},"properties":{"Nom_de_l_e":"ousmane oumar Ba","Arrondisse":"Gamadji Sarre","Commune":"Podor","Latitude":16.655042,"Longitude":-14.957129}},{"type":"Feature","geometry":{"type":"Point","coordinates":[-14.643497,16.509929]},"properties":{"Nom_de_l_e":"Ousmane Sakho","Arrondisse":"Gamadji Sarré","Commune":"Gamadji Sarré","Latitude":16.509929,"Longitude":-14.643497}},{"type":"Feature","geometry":{"type":"Point","coordinates":[-14.661679,16.512755]},"properties":{"Nom_de_l_e":"Ousmane Sall","Arrondisse":"Gamadji","Commune":"Ndioum","Latitude":16.512755,"Longitude":-14.661679}},{"type":"Feature","geometry":{"type":"Point","coordinates":[-14.650768,16.511208]},"properties":{"Nom_de_l_e":"Ousmane Sy","Arrondisse":"Gamadji","Commune":"Ndioum","Latitude":16.511208,"Longitude":-14.650768}},{"type":"Feature","geometry":{"type":"Point","coordinates":[-15.223403,16.52722]},"properties":{"Nom_de_l_e":"Ousmane Tall","Arrondisse":"Thillé Boubacar","Commune":"Fanaye","Latitude":16.52722,"Longitude":-15.223403}},{"type":"Feature","geometry":{"type":"Point","coordinates":[-15.112587,16.536434]},"properties":{"Nom_de_l_e":"Ousmane Thiam","Arrondisse":"Thille Boubacar","Commune":"Fanaye","Latitude":16.536434,"Longitude":-15.112587}},{"type":"Feature","geometry":{"type":"Point","coordinates":[-13.8541912,16.0747765]},"properties":{"Nom_de_l_e":"Ouztaz Agro business sarl","Arrondisse":"Podor","Commune":"Galoya","Latitude":16.0747765,"Longitude":-13.8541912}},{"type":"Feature","geometry":{"type":"Point","coordinates":[-14.695783,16.517435]},"properties":{"Nom_de_l_e":"Pape couture","Arrondisse":"Gamadji sarré","Commune":"Gamadji sarré","Latitude":16.517435,"Longitude":-14.695783}},{"type":"Feature","geometry":{"type":"Point","coordinates":[-14.655755,16.511706]},"properties":{"Nom_de_l_e":"Pharmacie Aicha Diouf","Arrondisse":"Gamadji Sarré","Commune":"Ndioum","Latitude":16.511706,"Longitude":-14.655755}},{"type":"Feature","geometry":{"type":"Point","coordinates":[-14.646329,16.510544]},"properties":{"Nom_de_l_e":"Pharmacie Almamy","Arrondisse":"Gamadji Sarré","Commune":"Ndioum","Latitude":16.510544,"Longitude":-14.646329}},{"type":"Feature","geometry":{"type":"Point","coordinates":[-14.3195888,16.3904832]},"properties":{"Nom_de_l_e":"Pharmacie Dalal diam","Arrondisse":"Cac cas","Commune":"Aere law","Latitude":16.3904832,"Longitude":-14.3195888}},{"type":"Feature","geometry":{"type":"Point","coordinates":[-14.955966,16.649989]},"properties":{"Nom_de_l_e":"Pharmacie de Podor","Arrondisse":"Podor","Commune":"Podor","Latitude":16.649989,"Longitude":-14.955966}},{"type":"Feature","geometry":{"type":"Point","coordinates":[-14.4342272,16.4884501]},"properties":{"Nom_de_l_e":"Pharmacie eh Omar tall","Arrondisse":"Gamadji sarré","Commune":"Dodel","Latitude":16.4884501,"Longitude":-14.4342272}},{"type":"Feature","geometry":{"type":"Point","coordinates":[-14.1353786,16.2968282]},"properties":{"Nom_de_l_e":"Pharmacie elhadj Mamadou diop","Arrondisse":"Cas cas","Commune":"Madina ndiathbé","Latitude":16.2968282,"Longitude":-14.1353786}},{"type":"Feature","geometry":{"type":"Point","coordinates":[-13.8113017,16.0611317]},"properties":{"Nom_de_l_e":"Pharmacie Mareme Oumou Haali","Arrondisse":"Salde","Commune":"Mbolo birane","Latitude":16.0611317,"Longitude":-13.8113017}},{"type":"Feature","geometry":{"type":"Point","coordinates":[-15.090613,16.517377]},"properties":{"Nom_de_l_e":"Pharmacie thile boubacar","Arrondisse":"Thile boubacar","Commune":"","Latitude":16.517377,"Longitude":-15.090613}},{"type":"Feature","geometry":{"type":"Point","coordinates":[-14.652219,16.510636]},"properties":{"Nom_de_l_e":"Pharmacie Yelitaare","Arrondisse":"Gamadji Sarré","Commune":"Ndioum","Latitude":16.510636,"Longitude":-14.652219}},{"type":"Feature","geometry":{"type":"Point","coordinates":[-14.063278,16.383998]},"properties":{"Nom_de_l_e":"Place Abou Niang","Arrondisse":"Cas cas","Commune":"Medina Ndiathbé","Latitude":16.383998,"Longitude":-14.063278}},{"type":"Feature","geometry":{"type":"Point","coordinates":[-14.211292,16.506218]},"properties":{"Nom_de_l_e":"Place Aboubacary","Arrondisse":"Cas cas","Commune":"Walaldé","Latitude":16.506218,"Longitude":-14.211292}},{"type":"Feature","geometry":{"type":"Point","coordinates":[-14.016556,16.188445]},"properties":{"Nom_de_l_e":"Place Djiby Sy","Arrondisse":"Cas cas","Commune":"Mboumba","Latitude":16.188445,"Longitude":-14.016556}},{"type":"Feature","geometry":{"type":"Point","coordinates":[-13.8131783,16.0612817]},"properties":{"Nom_de_l_e":"Place Hamath sy","Arrondisse":"Salde","Commune":"Mbolo birane","Latitude":16.0612817,"Longitude":-13.8131783}},{"type":"Feature","geometry":{"type":"Point","coordinates":[-13.95168,16.103315]},"properties":{"Nom_de_l_e":"Place Issa","Arrondisse":"Saldé","Commune":"Pété","Latitude":16.103315,"Longitude":-13.95168}},{"type":"Feature","geometry":{"type":"Point","coordinates":[-13.81143,16.0608917]},"properties":{"Nom_de_l_e":"Place mamadou","Arrondisse":"Salde","Commune":"Mbolo birane","Latitude":16.0608917,"Longitude":-13.81143}},{"type":"Feature","geometry":{"type":"Point","coordinates":[-14.016556,16.188392]},"properties":{"Nom_de_l_e":"Place Mor Wade","Arrondisse":"Cas cas","Commune":"Mboumba","Latitude":16.188392,"Longitude":-14.016556}},{"type":"Feature","geometry":{"type":"Point","coordinates":[-14.016554,16.188391]},"properties":{"Nom_de_l_e":"Place NdongoThiam","Arrondisse":"Cas cas","Commune":"Mboumba","Latitude":16.188391,"Longitude":-14.016554}},{"type":"Feature","geometry":{"type":"Point","coordinates":[-14.135423,16.29683]},"properties":{"Nom_de_l_e":"Place talla","Arrondisse":"Cas cas","Commune":"Médina Ndiathbé","Latitude":16.29683,"Longitude":-14.135423}},{"type":"Feature","geometry":{"type":"Point","coordinates":[-14.645279,16.510608]},"properties":{"Nom_de_l_e":"Podor Elec","Arrondisse":"Gambadji","Commune":"Ndioum","Latitude":16.510608,"Longitude":-14.645279}},{"type":"Feature","geometry":{"type":"Point","coordinates":[-14.9562828,16.6537888]},"properties":{"Nom_de_l_e":"Podor Laverie Pressing","Arrondisse":"Podor","Commune":"Podor","Latitude":16.6537888,"Longitude":-14.9562828}},{"type":"Feature","geometry":{"type":"Point","coordinates":[-13.996243,16.066825]},"properties":{"Nom_de_l_e":"Poste vite vétérinaire gaye casa","Arrondisse":"Saldé","Commune":"Bokké Dialloubé","Latitude":16.066825,"Longitude":-13.996243}},{"type":"Feature","geometry":{"type":"Point","coordinates":[-14.231419,16.335893]},"properties":{"Nom_de_l_e":"Prestation de services","Arrondisse":"Cas cas","Commune":"Dounga law","Latitude":16.335893,"Longitude":-14.231419}},{"type":"Feature","geometry":{"type":"Point","coordinates":[-14.320464,16.391557]},"properties":{"Nom_de_l_e":"Produits pharmaceutiques","Arrondisse":"Cas cas","Commune":"Aéré lao","Latitude":16.391557,"Longitude":-14.320464}},{"type":"Feature","geometry":{"type":"Point","coordinates":[-14.957321,16.652131]},"properties":{"Nom_de_l_e":"Quincaillerie","Arrondisse":"Podor","Commune":"Podor","Latitude":16.652131,"Longitude":-14.957321}},{"type":"Feature","geometry":{"type":"Point","coordinates":[-14.755048,16.545617]},"properties":{"Nom_de_l_e":"Quincaillerie cissé et frere","Arrondisse":"Gamadji sarré","Commune":"Gueddé santhié","Latitude":16.545617,"Longitude":-14.755048}},{"type":"Feature","geometry":{"type":"Point","coordinates":[-15.090997,16.517425]},"properties":{"Nom_de_l_e":"Quincaillerie diop","Arrondisse":"","Commune":"","Latitude":16.517425,"Longitude":-15.090997}},{"type":"Feature","geometry":{"type":"Point","coordinates":[-14.2042752,16.5037763]},"properties":{"Nom_de_l_e":"Quincaillerie foyer gaybé","Arrondisse":"Cas cas","Commune":"Walaldé","Latitude":16.5037763,"Longitude":-14.2042752}},{"type":"Feature","geometry":{"type":"Point","coordinates":[-14.644683,16.510256]},"properties":{"Nom_de_l_e":"Quincaillerie Générale Kaladio","Arrondisse":"Gamadji Sarré","Commune":"Ndioum","Latitude":16.510256,"Longitude":-14.644683}},{"type":"Feature","geometry":{"type":"Point","coordinates":[-14.063098,16.38401]},"properties":{"Nom_de_l_e":"Quincaillerie Oumar sall","Arrondisse":"Cas cas","Commune":"Cas cas","Latitude":16.38401,"Longitude":-14.063098}},{"type":"Feature","geometry":{"type":"Point","coordinates":[-14.643905,16.509037]},"properties":{"Nom_de_l_e":"Quincaillerie Ousmane","Arrondisse":"Gamadji","Commune":"Ndioum","Latitude":16.509037,"Longitude":-14.643905}},{"type":"Feature","geometry":{"type":"Point","coordinates":[-14.103731,16.254614]},"properties":{"Nom_de_l_e":"Quincaillerie samba Ndiaye","Arrondisse":"Cas cas","Commune":"Gollerer","Latitude":16.254614,"Longitude":-14.103731}},{"type":"Feature","geometry":{"type":"Point","coordinates":[-14.643141,16.509833]},"properties":{"Nom_de_l_e":"Quincaillerie Thiam et Frere","Arrondisse":"Gamadji","Commune":"Ndioum","Latitude":16.509833,"Longitude":-14.643141}},{"type":"Feature","geometry":{"type":"Point","coordinates":[-13.949515,16.101999]},"properties":{"Nom_de_l_e":"Rachelle Aline Sihoulia Dieng","Arrondisse":"Saldé","Commune":"Pété","Latitude":16.101999,"Longitude":-13.949515}},{"type":"Feature","geometry":{"type":"Point","coordinates":[-14.649856,16.51096]},"properties":{"Nom_de_l_e":"Restaurant Thierno Hamidou","Arrondisse":"Gamadji","Commune":"Ndioum","Latitude":16.51096,"Longitude":-14.649856}},{"type":"Feature","geometry":{"type":"Point","coordinates":[-14.139717,16.29487]},"properties":{"Nom_de_l_e":"Safietou Diop","Arrondisse":"Cas cas","Commune":"Madina Niathbe","Latitude":16.29487,"Longitude":-14.139717}},{"type":"Feature","geometry":{"type":"Point","coordinates":[-15.044552,16.49966]},"properties":{"Nom_de_l_e":"Saidou Mamadou Ba","Arrondisse":"Thillé Boubacar","Commune":"Ndiayéne Pendao","Latitude":16.49966,"Longitude":-15.044552}},{"type":"Feature","geometry":{"type":"Point","coordinates":[-15.223077,16.527018]},"properties":{"Nom_de_l_e":"Sakho com","Arrondisse":"","Commune":"","Latitude":16.527018,"Longitude":-15.223077}},{"type":"Feature","geometry":{"type":"Point","coordinates":[-14.016933,16.190395]},"properties":{"Nom_de_l_e":"Sall soudeur métallique","Arrondisse":"Cas cas","Commune":"Mboumba","Latitude":16.190395,"Longitude":-14.016933}},{"type":"Feature","geometry":{"type":"Point","coordinates":[-14.863855,16.523714]},"properties":{"Nom_de_l_e":"Saloum soow","Arrondisse":"Gamadji sare","Commune":"Guede villages","Latitude":16.523714,"Longitude":-14.863855}},{"type":"Feature","geometry":{"type":"Point","coordinates":[-15.16787,16.524874]},"properties":{"Nom_de_l_e":"Saloum SY","Arrondisse":"Thillé Boubacar","Commune":"Fanaye","Latitude":16.524874,"Longitude":-15.16787}},{"type":"Feature","geometry":{"type":"Point","coordinates":[-14.662014,16.512878]},"properties":{"Nom_de_l_e":"Samassa mou rabika","Arrondisse":"Gamadji Sarré","Commune":"Ndioum","Latitude":16.512878,"Longitude":-14.662014}},{"type":"Feature","geometry":{"type":"Point","coordinates":[-14.645367,16.51048]},"properties":{"Nom_de_l_e":"Samba Cisse","Arrondisse":"Gamadji Sarré","Commune":"Ndioum","Latitude":16.51048,"Longitude":-14.645367}},{"type":"Feature","geometry":{"type":"Point","coordinates":[-14.105922,16.255795]},"properties":{"Nom_de_l_e":"Samba Demba Wellé","Arrondisse":"Cas cas","Commune":"Golleré","Latitude":16.255795,"Longitude":-14.105922}},{"type":"Feature","geometry":{"type":"Point","coordinates":[-14.0179095,16.1902939]},"properties":{"Nom_de_l_e":"Samba Dia couture","Arrondisse":"Cas cas","Commune":"Mboumba","Latitude":16.1902939,"Longitude":-14.0179095}},{"type":"Feature","geometry":{"type":"Point","coordinates":[-15.221448,16.52704]},"properties":{"Nom_de_l_e":"Samba Gaye","Arrondisse":"Thille boubacar","Commune":"Fanaye","Latitude":16.52704,"Longitude":-15.221448}},{"type":"Feature","geometry":{"type":"Point","coordinates":[-14.440697,16.485896]},"properties":{"Nom_de_l_e":"Samba Guisse","Arrondisse":"Gamadji","Commune":"Dodel","Latitude":16.485896,"Longitude":-14.440697}},{"type":"Feature","geometry":{"type":"Point","coordinates":[-14.434141,16.487909]},"properties":{"Nom_de_l_e":"Samba Guissé","Arrondisse":"Gamadji Sarré","Commune":"Dodel","Latitude":16.487909,"Longitude":-14.434141}},{"type":"Feature","geometry":{"type":"Point","coordinates":[-14.103878,16.25473]},"properties":{"Nom_de_l_e":"Samba Koundoul","Arrondisse":"Cas cas","Commune":"Golleré","Latitude":16.25473,"Longitude":-14.103878}},{"type":"Feature","geometry":{"type":"Point","coordinates":[-14.104118,16.254863]},"properties":{"Nom_de_l_e":"Samba koundoul","Arrondisse":"Cas cas","Commune":"Golleré","Latitude":16.254863,"Longitude":-14.104118}},{"type":"Feature","geometry":{"type":"Point","coordinates":[-14.661692,16.512756]},"properties":{"Nom_de_l_e":"Samesidine Diouf","Arrondisse":"Gamadji","Commune":"Ndioum","Latitude":16.512756,"Longitude":-14.661692}},{"type":"Feature","geometry":{"type":"Point","coordinates":[-14.017197,16.190242]},"properties":{"Nom_de_l_e":"sara Couture","Arrondisse":"Cas cas","Commune":"Mboumba","Latitude":16.190242,"Longitude":-14.017197}},{"type":"Feature","geometry":{"type":"Point","coordinates":[-15.223065,16.527014]},"properties":{"Nom_de_l_e":"Saydou Fadior","Arrondisse":"Thila Boubacar","Commune":"Fanaye","Latitude":16.527014,"Longitude":-15.223065}},{"type":"Feature","geometry":{"type":"Point","coordinates":[-14.643509,16.510006]},"properties":{"Nom_de_l_e":"Scoop Ça Naeps","Arrondisse":"Gamadji Sarré","Commune":"Ndioum","Latitude":16.510006,"Longitude":-14.643509}},{"type":"Feature","geometry":{"type":"Point","coordinates":[-14.9574338,16.6455652]},"properties":{"Nom_de_l_e":"Seck Ndanane","Arrondisse":"Podor","Commune":"Podor","Latitude":16.6455652,"Longitude":-14.9574338}},{"type":"Feature","geometry":{"type":"Point","coordinates":[-14.639508,16.509104]},"properties":{"Nom_de_l_e":"Senelec","Arrondisse":"Gamadji Sarré","Commune":"Ndioum","Latitude":16.509104,"Longitude":-14.639508}},{"type":"Feature","geometry":{"type":"Point","coordinates":[-13.854535,16.075227]},"properties":{"Nom_de_l_e":"Serigne Dame Lome","Arrondisse":"Saldé","Commune":"Galoya","Latitude":16.075227,"Longitude":-13.854535}},{"type":"Feature","geometry":{"type":"Point","coordinates":[-14.957969,16.652022]},"properties":{"Nom_de_l_e":"SEUDOU Nourou Tall couture","Arrondisse":"Podor","Commune":"Podor","Latitude":16.652022,"Longitude":-14.957969}},{"type":"Feature","geometry":{"type":"Point","coordinates":[-14.104114,16.254787]},"properties":{"Nom_de_l_e":"Seydi Thiam","Arrondisse":"Cas cas","Commune":"Gollere","Latitude":16.254787,"Longitude":-14.104114}},{"type":"Feature","geometry":{"type":"Point","coordinates":[-14.955534,16.645887]},"properties":{"Nom_de_l_e":"Seydou Awe","Arrondisse":"Gamadji Sarre","Commune":"Podor","Latitude":16.645887,"Longitude":-14.955534}},{"type":"Feature","geometry":{"type":"Point","coordinates":[-14.957196,16.65197]},"properties":{"Nom_de_l_e":"Seydou Ndiaye","Arrondisse":"Gamadji Sarre","Commune":"Podor","Latitude":16.65197,"Longitude":-14.957196}},{"type":"Feature","geometry":{"type":"Point","coordinates":[-14.660141,16.512455]},"properties":{"Nom_de_l_e":"SIES","Arrondisse":"","Commune":"","Latitude":16.512455,"Longitude":-14.660141}},{"type":"Feature","geometry":{"type":"Point","coordinates":[-15.112361,16.535934]},"properties":{"Nom_de_l_e":"Sileye Ndiaye","Arrondisse":"Thille Boubacar","Commune":"Fanaye","Latitude":16.535934,"Longitude":-15.112361}},{"type":"Feature","geometry":{"type":"Point","coordinates":[-14.804513,16.542826]},"properties":{"Nom_de_l_e":"Sileymane Sow","Arrondisse":"Gamadji Saré","Commune":"Guédé village","Latitude":16.542826,"Longitude":-14.804513}},{"type":"Feature","geometry":{"type":"Point","coordinates":[-15.22307,16.527018]},"properties":{"Nom_de_l_e":"Sire commerce general","Arrondisse":"","Commune":"","Latitude":16.527018,"Longitude":-15.22307}},{"type":"Feature","geometry":{"type":"Point","coordinates":[-13.855557,16.075479]},"properties":{"Nom_de_l_e":"Société coopérative ngalu","Arrondisse":"Saldé","Commune":"Galoya","Latitude":16.075479,"Longitude":-13.855557}},{"type":"Feature","geometry":{"type":"Point","coordinates":[-15.046361,16.499905]},"properties":{"Nom_de_l_e":"Société de Coopérative Bantaré Rewbé","Arrondisse":"Thila Boubacar","Commune":"Ndiayenne Pendao","Latitude":16.499905,"Longitude":-15.046361}},{"type":"Feature","geometry":{"type":"Point","coordinates":[-14.204426,16.503813]},"properties":{"Nom_de_l_e":"Société de coopérative des agropasteurs","Arrondisse":"Cas-Cas","Commune":"Walaldé","Latitude":16.503813,"Longitude":-14.204426}},{"type":"Feature","geometry":{"type":"Point","coordinates":[-13.948768,16.101155]},"properties":{"Nom_de_l_e":"Société de Coopérative Fouta 2","Arrondisse":"Saldé","Commune":"Pété","Latitude":16.101155,"Longitude":-13.948768}},{"type":"Feature","geometry":{"type":"Point","coordinates":[-15.223065,16.527014]},"properties":{"Nom_de_l_e":"Solalme","Arrondisse":"Thila Boubacar","Commune":"Fanaye","Latitude":16.527014,"Longitude":-15.223065}},{"type":"Feature","geometry":{"type":"Point","coordinates":[-14.061653,16.212517]},"properties":{"Nom_de_l_e":"Soudeur moussa","Arrondisse":"","Commune":"Mery","Latitude":16.212517,"Longitude":-14.061653}},{"type":"Feature","geometry":{"type":"Point","coordinates":[-14.64707,16.508555]},"properties":{"Nom_de_l_e":"Soumano et frere","Arrondisse":"Gamadji","Commune":"Ndioum","Latitude":16.508555,"Longitude":-14.64707}},{"type":"Feature","geometry":{"type":"Point","coordinates":[-14.754464,16.522567]},"properties":{"Nom_de_l_e":"Sow boutique","Arrondisse":"Gamadji sare","Commune":"Guede villages","Latitude":16.522567,"Longitude":-14.754464}},{"type":"Feature","geometry":{"type":"Point","coordinates":[-14.8643269,16.52371]},"properties":{"Nom_de_l_e":"Sow business","Arrondisse":"Gamadji Saré","Commune":"Guédé village","Latitude":16.52371,"Longitude":-14.8643269}},{"type":"Feature","geometry":{"type":"Point","coordinates":[-15.056655,16.501365]},"properties":{"Nom_de_l_e":"Sow business couture","Arrondisse":"Thillé boubacar","Commune":"Ndiayén pendao","Latitude":16.501365,"Longitude":-15.056655}},{"type":"Feature","geometry":{"type":"Point","coordinates":[-14.822297,16.523068]},"properties":{"Nom_de_l_e":"Sow couture","Arrondisse":"Gamadji sare","Commune":"Guede villages","Latitude":16.523068,"Longitude":-14.822297}},{"type":"Feature","geometry":{"type":"Point","coordinates":[-15.221412,16.527013]},"properties":{"Nom_de_l_e":"Sow et frères","Arrondisse":"","Commune":"","Latitude":16.527013,"Longitude":-15.221412}},{"type":"Feature","geometry":{"type":"Point","coordinates":[-14.956054,16.65391]},"properties":{"Nom_de_l_e":"SPIA  agriculture","Arrondisse":"Podor","Commune":"Podor","Latitude":16.65391,"Longitude":-14.956054}},{"type":"Feature","geometry":{"type":"Point","coordinates":[-14.314679,16.387487]},"properties":{"Nom_de_l_e":"Station Pétro- Flamme","Arrondisse":"Cas-Cas","Commune":"Aéré Lao","Latitude":16.387487,"Longitude":-14.314679}},{"type":"Feature","geometry":{"type":"Point","coordinates":[-14.9856129,16.5882909]},"properties":{"Nom_de_l_e":"Station Serigne Babacar Sy","Arrondisse":"Thille Boubacar","Commune":"Ndiandane","Latitude":16.5882909,"Longitude":-14.9856129}},{"type":"Feature","geometry":{"type":"Point","coordinates":[-15.056655,16.501365]},"properties":{"Nom_de_l_e":"Sy couture","Arrondisse":"Thillé boubacar","Commune":"Ndiayén pendao","Latitude":16.501365,"Longitude":-15.056655}},{"type":"Feature","geometry":{"type":"Point","coordinates":[-14.645367,16.51048]},"properties":{"Nom_de_l_e":"Sy Farba Business Sope Serigne Babacar Sy","Arrondisse":"Gamadji Sarré","Commune":"Gamadji Sarré","Latitude":16.51048,"Longitude":-14.645367}},{"type":"Feature","geometry":{"type":"Point","coordinates":[-14.9585,16.6581367]},"properties":{"Nom_de_l_e":"Sy frère","Arrondisse":"Podor","Commune":"Podor","Latitude":16.6581367,"Longitude":-14.9585}},{"type":"Feature","geometry":{"type":"Point","coordinates":[-14.95829,16.657245]},"properties":{"Nom_de_l_e":"Sy& frère","Arrondisse":"Podor","Commune":"Podor","Latitude":16.657245,"Longitude":-14.95829}},{"type":"Feature","geometry":{"type":"Point","coordinates":[-13.954582,16.10787]},"properties":{"Nom_de_l_e":"Taps oil","Arrondisse":"Saldé","Commune":"Pété","Latitude":16.10787,"Longitude":-13.954582}},{"type":"Feature","geometry":{"type":"Point","coordinates":[-14.0175648,16.1890556]},"properties":{"Nom_de_l_e":"Tarkinda","Arrondisse":"Cas cas","Commune":"Mboumba","Latitude":16.1890556,"Longitude":-14.0175648}},{"type":"Feature","geometry":{"type":"Point","coordinates":[-15.045092,16.500492]},"properties":{"Nom_de_l_e":"Thiam cereal","Arrondisse":"","Commune":"","Latitude":16.500492,"Longitude":-15.045092}},{"type":"Feature","geometry":{"type":"Point","coordinates":[-14.648469,16.51001]},"properties":{"Nom_de_l_e":"Thiam et frères","Arrondisse":"Gamadji saré","Commune":"Ndioum","Latitude":16.51001,"Longitude":-14.648469}},{"type":"Feature","geometry":{"type":"Point","coordinates":[-14.86355,16.523782]},"properties":{"Nom_de_l_e":"Thiapay vaisselle","Arrondisse":"Gamadji sare","Commune":"Guede villages","Latitude":16.523782,"Longitude":-14.86355}},{"type":"Feature","geometry":{"type":"Point","coordinates":[-14.016709,16.188408]},"properties":{"Nom_de_l_e":"Thiedel Baba SY","Arrondisse":"Cas-Cas","Commune":"Mboumba","Latitude":16.188408,"Longitude":-14.016709}},{"type":"Feature","geometry":{"type":"Point","coordinates":[-14.650972,16.511251]},"properties":{"Nom_de_l_e":"Thierno Oumar Ndiaye","Arrondisse":"","Commune":"","Latitude":16.511251,"Longitude":-14.650972}},{"type":"Feature","geometry":{"type":"Point","coordinates":[-14.3234,16.393441]},"properties":{"Nom_de_l_e":"Thierno Oumar Niang","Arrondisse":"Gamadji Sarré","Commune":"Dodel","Latitude":16.393441,"Longitude":-14.3234}},{"type":"Feature","geometry":{"type":"Point","coordinates":[-14.499732,16.498438]},"properties":{"Nom_de_l_e":"Thierno seme","Arrondisse":"Gamadji sarré","Commune":"Dodel","Latitude":16.498438,"Longitude":-14.499732}},{"type":"Feature","geometry":{"type":"Point","coordinates":[-14.8644585,16.5233844]},"properties":{"Nom_de_l_e":"Thioub et fils","Arrondisse":"Gamadji Saré","Commune":"Guédé village","Latitude":16.5233844,"Longitude":-14.8644585}},{"type":"Feature","geometry":{"type":"Point","coordinates":[-14.638979,16.509253]},"properties":{"Nom_de_l_e":"Total énergie","Arrondisse":"Gamadji Sarré","Commune":"Ndioum","Latitude":16.509253,"Longitude":-14.638979}},{"type":"Feature","geometry":{"type":"Point","coordinates":[-14.1132717,16.2473833]},"properties":{"Nom_de_l_e":"Toubagollere","Arrondisse":"Cas cas","Commune":"Gollere","Latitude":16.2473833,"Longitude":-14.1132717}},{"type":"Feature","geometry":{"type":"Point","coordinates":[-14.645362,16.510483]},"properties":{"Nom_de_l_e":"Un métier Un avenir","Arrondisse":"Gamadji Sarré","Commune":"Gamadji","Latitude":16.510483,"Longitude":-14.645362}},{"type":"Feature","geometry":{"type":"Point","coordinates":[-13.7609,16.0552298]},"properties":{"Nom_de_l_e":"Union de Galoya","Arrondisse":"Podor","Commune":"Mbolo birane","Latitude":16.0552298,"Longitude":-13.7609}},{"type":"Feature","geometry":{"type":"Point","coordinates":[-14.105365,16.238252]},"properties":{"Nom_de_l_e":"Vente de produits pharmaceutiques","Arrondisse":"Cas cas","Commune":"Mery","Latitude":16.238252,"Longitude":-14.105365}},{"type":"Feature","geometry":{"type":"Point","coordinates":[-14.283958,16.567968]},"properties":{"Nom_de_l_e":"Vente en ligne","Arrondisse":"Gamadji Sarré","Commune":"Demth","Latitude":16.567968,"Longitude":-14.283958}},{"type":"Feature","geometry":{"type":"Point","coordinates":[-14.957762,16.652033]},"properties":{"Nom_de_l_e":"Wa Keur cheikh Sidya Baba","Arrondisse":"Podor","Commune":"Podor","Latitude":16.652033,"Longitude":-14.957762}},{"type":"Feature","geometry":{"type":"Point","coordinates":[-14.989942,16.587807]},"properties":{"Nom_de_l_e":"Wade gui couture","Arrondisse":"Thillé boubacar","Commune":"Ndiandane","Latitude":16.587807,"Longitude":-14.989942}},{"type":"Feature","geometry":{"type":"Point","coordinates":[-13.8104195,16.0605162]},"properties":{"Nom_de_l_e":"Wakeur Serigne Fallou","Arrondisse":"","Commune":"","Latitude":16.0605162,"Longitude":-13.8104195}},{"type":"Feature","geometry":{"type":"Point","coordinates":[-14.9597739,16.649053]},"properties":{"Nom_de_l_e":"Wakeur sopey Mohamed Rasoul","Arrondisse":"Podor","Commune":"Podor","Latitude":16.649053,"Longitude":-14.9597739}},{"type":"Feature","geometry":{"type":"Point","coordinates":[-14.956524,16.655018]},"properties":{"Nom_de_l_e":"Waly Niang","Arrondisse":"Gamadji Sarre","Commune":"Podor","Latitude":16.655018,"Longitude":-14.956524}},{"type":"Feature","geometry":{"type":"Point","coordinates":[-14.660552,16.512475]},"properties":{"Nom_de_l_e":"Yague Couture","Arrondisse":"Gamadji Sarre","Commune":"Gamadji sarre","Latitude":16.512475,"Longitude":-14.660552}},{"type":"Feature","geometry":{"type":"Point","coordinates":[-13.855834,16.075443]},"properties":{"Nom_de_l_e":"Yakar Galoya","Arrondisse":"Saldé","Commune":"Galoya","Latitude":16.075443,"Longitude":-13.855834}},{"type":"Feature","geometry":{"type":"Point","coordinates":[-14.661692,16.512756]},"properties":{"Nom_de_l_e":"Yamar Thiam","Arrondisse":"Gamadji","Commune":"Ndioum","Latitude":16.512756,"Longitude":-14.661692}},{"type":"Feature","geometry":{"type":"Point","coordinates":[-14.9572222,16.645419]},"properties":{"Nom_de_l_e":"Yaye Agrobusiness","Arrondisse":"Podor","Commune":"Podor","Latitude":16.645419,"Longitude":-14.9572222}},{"type":"Feature","geometry":{"type":"Point","coordinates":[-15.04541,16.500515]},"properties":{"Nom_de_l_e":"Yaye Malado ba","Arrondisse":"Thille Boubacar","Commune":"Ndiayene Pendao","Latitude":16.500515,"Longitude":-15.04541}},{"type":"Feature","geometry":{"type":"Point","coordinates":[-14.018026,16.191062]},"properties":{"Nom_de_l_e":"Yerima couture","Arrondisse":"Cas cas","Commune":"Mboumba","Latitude":16.191062,"Longitude":-14.018026}},{"type":"Feature","geometry":{"type":"Point","coordinates":[-15.091229,16.517565]},"properties":{"Nom_de_l_e":"Youssoupha Omar ba","Arrondisse":"Thille Boubacar","Commune":"Thille Boubacar","Latitude":16.517565,"Longitude":-15.091229}}]}